URL,Match_Status,domain,dealspotr loc
https://minty.com,Not Matched,minty.com,
https://minty.com/s/onehanesplace.com,Matched,onehanesplace.com,https://dealspotr.com/promo-codes/onehanesplace.com
https://minty.com/s/stanley1913.com,Matched,stanley1913.com,https://dealspotr.com/promo-codes/stanley1913.com
https://minty.com/s/temu.com,Matched,temu.com,https://dealspotr.com/promo-codes/temu.com
https://minty.com/s/verizon.com,Matched,verizon.com,https://dealspotr.com/promo-codes/verizon.com
https://minty.com/s/cheapcaribbean.com,Matched,cheapcaribbean.com,https://dealspotr.com/promo-codes/cheapcaribbean.com
https://minty.com/s/teleflora.com,Matched,teleflora.com,https://dealspotr.com/promo-codes/teleflora.com
https://minty.com/s/southwestvacations.com,Matched,southwestvacations.com,https://dealspotr.com/promo-codes/southwestvacations.com
https://minty.com/s/groupon.com,Matched,groupon.com,https://dealspotr.com/promo-codes/groupon.com
https://minty.com/s/ebay.com,Matched,ebay.com,https://dealspotr.com/promo-codes/ebay.com
https://minty.com/s/ford.com,Matched,ford.com,https://dealspotr.com/promo-codes/ford.com
https://minty.com/s/clearweatherbrand.com,Matched,clearweatherbrand.com,https://dealspotr.com/promo-codes/clearweatherbrand.com
https://minty.com/s/easyspirit.com,Matched,easyspirit.com,https://dealspotr.com/promo-codes/easyspirit.com
https://minty.com/s/gotogate.com,Matched,gotogate.com,https://dealspotr.com/promo-codes/gotogate.com
https://minty.com/s/quartet.com,Matched,quartet.com,https://dealspotr.com/promo-codes/quartet.com
https://minty.com/s/goodnesslover.com,Matched,goodnesslover.com,https://dealspotr.com/promo-codes/goodnesslover.com
https://minty.com/s/escapetheroom.com,Matched,escapetheroom.com,https://dealspotr.com/promo-codes/escapetheroom.com
https://minty.com/s/boscovs.com,Matched,boscovs.com,https://dealspotr.com/promo-codes/boscovs.com
https://minty.com/s/teamgat.com,Not Matched,teamgat.com,
https://minty.com/s/goodyearautoservice.com,Matched,goodyearautoservice.com,https://dealspotr.com/promo-codes/goodyearautoservice.com
https://minty.com/s/bestpresso.com,Matched,bestpresso.com,https://dealspotr.com/promo-codes/bestpresso.com
https://minty.com/s/us.allsaints.com,Not Matched,us.allsaints.com,
https://minty.com/s/costco.com,Matched,costco.com,https://dealspotr.com/promo-codes/costco.com
https://minty.com/s/stance.com,Matched,stance.com,https://dealspotr.com/promo-codes/stance.com
https://minty.com/s/mideerart.com,Matched,mideerart.com,https://dealspotr.com/promo-codes/mideerart.com
https://minty.com/s/100percentpure.com,Matched,100percentpure.com,https://dealspotr.com/promo-codes/100percentpure.com
https://minty.com/s/us.laneige.com,Matched,us.laneige.com,https://dealspotr.com/promo-codes/us.laneige.com
https://minty.com/s/kingscamo.com,Matched,kingscamo.com,https://dealspotr.com/promo-codes/kingscamo.com
https://minty.com/s/evisu.com,Not Matched,evisu.com,
https://minty.com/s/myheritage.com,Matched,myheritage.com,https://dealspotr.com/promo-codes/myheritage.com
https://minty.com/s/travelup.com,Matched,travelup.com,https://dealspotr.com/promo-codes/travelup.com
https://minty.com/s/starz.com,Not Matched,starz.com,
https://minty.com/s/wholesalechess.com,Matched,wholesalechess.com,https://dealspotr.com/promo-codes/wholesalechess.com
https://minty.com/s/keds.com,Matched,keds.com,https://dealspotr.com/promo-codes/keds.com
https://minty.com/s/keepersecurity.com,Matched,keepersecurity.com,https://dealspotr.com/promo-codes/keepersecurity.com
https://minty.com/s/fivefingertees.com,Matched,fivefingertees.com,https://dealspotr.com/promo-codes/fivefingertees.com
https://minty.com/s/wigfever.com,Matched,wigfever.com,https://dealspotr.com/promo-codes/wigfever.com
https://minty.com/s/martinic.com,Matched,martinic.com,https://dealspotr.com/promo-codes/martinic.com
https://minty.com/s/applevacations.com,Matched,applevacations.com,https://dealspotr.com/promo-codes/applevacations.com
https://minty.com/s/ellisbrooklyn.com,Matched,ellisbrooklyn.com,https://dealspotr.com/promo-codes/ellisbrooklyn.com
https://minty.com/s/suiteness.com,Matched,suiteness.com,https://dealspotr.com/promo-codes/suiteness.com
https://minty.com/s/spafinder.com,Matched,spafinder.com,https://dealspotr.com/promo-codes/spafinder.com
https://minty.com/s/nuiorganics.com,Matched,nuiorganics.com,https://dealspotr.com/promo-codes/nuiorganics.com
https://minty.com/s/usa.addisonross.com,Matched,usa.addisonross.com,https://dealspotr.com/promo-codes/usa.addisonross.com
https://minty.com/s/gbc.com,Matched,gbc.com,https://dealspotr.com/promo-codes/gbc.com
https://minty.com/s/drhonow.com,Matched,drhonow.com,https://dealspotr.com/promo-codes/drhonow.com
https://minty.com/s/befitting.com,Matched,befitting.com,https://dealspotr.com/promo-codes/befitting.com
https://minty.com/s/cvs.com,Matched,cvs.com,https://dealspotr.com/promo-codes/cvs.com
https://minty.com/s/firsttactical.com,Matched,firsttactical.com,https://dealspotr.com/promo-codes/firsttactical.com
https://minty.com/s/reebok.com,Matched,reebok.com,https://dealspotr.com/promo-codes/reebok.com
https://minty.com/s/seenebula.com,Matched,seenebula.com,https://dealspotr.com/promo-codes/seenebula.com
https://minty.com/s/christianbook.com,Matched,christianbook.com,https://dealspotr.com/promo-codes/christianbook.com
https://minty.com/s/herbspro.com,Matched,herbspro.com,https://dealspotr.com/promo-codes/herbspro.com
https://minty.com/s/lackofcolor.com,Matched,lackofcolor.com,https://dealspotr.com/promo-codes/lackofcolor.com
https://minty.com/s/spirithalloween.com,Matched,spirithalloween.com,https://dealspotr.com/promo-codes/spirithalloween.com
https://minty.com/s/goview-us.com,Matched,goview-us.com,https://dealspotr.com/promo-codes/goview-us.com
https://minty.com/s/shein.com,Not Matched,shein.com,
https://minty.com/s/durangoboots.com,Matched,durangoboots.com,https://dealspotr.com/promo-codes/durangoboots.com
https://minty.com/s/nambe.com,Matched,nambe.com,https://dealspotr.com/promo-codes/nambe.com
https://minty.com/s/chickentrampergear.com,Matched,chickentrampergear.com,https://dealspotr.com/promo-codes/chickentrampergear.com
https://minty.com/s/mojomotosport.com,Matched,mojomotosport.com,https://dealspotr.com/promo-codes/mojomotosport.com
https://minty.com/s/icemulecoolers.com,Matched,icemulecoolers.com,https://dealspotr.com/promo-codes/icemulecoolers.com
https://minty.com/s/hanaemistore.com,Matched,hanaemistore.com,https://dealspotr.com/promo-codes/hanaemistore.com
https://minty.com/s/cubittofficial.com,Matched,cubittofficial.com,https://dealspotr.com/promo-codes/cubittofficial.com
https://minty.com/s/spyassociates.com,Matched,spyassociates.com,https://dealspotr.com/promo-codes/spyassociates.com
https://minty.com/s/freebirdstores.com,Matched,freebirdstores.com,https://dealspotr.com/promo-codes/freebirdstores.com
https://minty.com/s/mooglasses.com,Matched,mooglasses.com,https://dealspotr.com/promo-codes/mooglasses.com
https://minty.com/s/ladyblacktie.com,Matched,ladyblacktie.com,https://dealspotr.com/promo-codes/ladyblacktie.com
https://minty.com/s/sheglam.com,Matched,sheglam.com,https://dealspotr.com/promo-codes/sheglam.com
https://minty.com/s/ceelyn.com,Matched,ceelyn.com,https://dealspotr.com/promo-codes/ceelyn.com
https://minty.com/s/sunnutrition.com,Matched,sunnutrition.com,https://dealspotr.com/promo-codes/sunnutrition.com
https://minty.com/s/taxslayer.com,Matched,taxslayer.com,https://dealspotr.com/promo-codes/taxslayer.com
https://minty.com/s/wine.com,Matched,wine.com,https://dealspotr.com/promo-codes/wine.com
https://minty.com/s/bowlero.com,Matched,bowlero.com,https://dealspotr.com/promo-codes/bowlero.com
https://minty.com/s/aweber.com,Matched,aweber.com,https://dealspotr.com/promo-codes/aweber.com
https://minty.com/s/peachskinsheets.com,Matched,peachskinsheets.com,https://dealspotr.com/promo-codes/peachskinsheets.com
https://minty.com/s/magix.com,Matched,magix.com,https://dealspotr.com/promo-codes/magix.com
https://minty.com/s/teamsportsamerica.com,Matched,teamsportsamerica.com,https://dealspotr.com/promo-codes/teamsportsamerica.com
https://minty.com/s/glassesshop.com,Matched,glassesshop.com,https://dealspotr.com/promo-codes/glassesshop.com
https://minty.com/s/mountainwarehouse.com,Matched,mountainwarehouse.com,https://dealspotr.com/promo-codes/mountainwarehouse.com
https://minty.com/s/giantteddy.com,Matched,giantteddy.com,https://dealspotr.com/promo-codes/giantteddy.com
https://minty.com/s/pfaltzgraff.com,Matched,pfaltzgraff.com,https://dealspotr.com/promo-codes/pfaltzgraff.com
https://minty.com/s/brookstone.com,Matched,brookstone.com,https://dealspotr.com/promo-codes/brookstone.com
https://minty.com/s/lysse.com,Matched,lysse.com,https://dealspotr.com/promo-codes/lysse.com
https://minty.com/s/lanebryant.com,Matched,lanebryant.com,https://dealspotr.com/promo-codes/lanebryant.com
https://minty.com/s/bannerbuzz.co.uk,Matched,bannerbuzz.co.uk,https://dealspotr.com/promo-codes/bannerbuzz.co.uk
https://minty.com/s/shop.terracycle.com,Not Matched,shop.terracycle.com,
https://minty.com/s/eyebobs.com,Matched,eyebobs.com,https://dealspotr.com/promo-codes/eyebobs.com
https://minty.com/s/lanolips.com,Matched,lanolips.com,https://dealspotr.com/promo-codes/lanolips.com
https://minty.com/s/timoandviolet.com,Matched,timoandviolet.com,https://dealspotr.com/promo-codes/timoandviolet.com
https://minty.com/s/theberkelworld.com,Matched,theberkelworld.com,https://dealspotr.com/promo-codes/theberkelworld.com
https://minty.com/s/coastalpet.com,Matched,coastalpet.com,https://dealspotr.com/promo-codes/coastalpet.com
https://minty.com/s/factor75.com,Matched,factor75.com,https://dealspotr.com/promo-codes/factor75.com
https://minty.com/s/olaplex.com,Matched,olaplex.com,https://dealspotr.com/promo-codes/olaplex.com
https://minty.com/s/buydig.com,Matched,buydig.com,https://dealspotr.com/promo-codes/buydig.com
https://minty.com/s/lindas.com,Matched,lindas.com,https://dealspotr.com/promo-codes/lindas.com
https://minty.com/s/221btactical.com,Matched,221btactical.com,https://dealspotr.com/promo-codes/221btactical.com
https://minty.com/s/thxsilk.com,Matched,thxsilk.com,https://dealspotr.com/promo-codes/thxsilk.com
https://minty.com/s/tiqets.com,Matched,tiqets.com,https://dealspotr.com/promo-codes/tiqets.com
https://minty.com/s/pethonesty.com,Matched,pethonesty.com,https://dealspotr.com/promo-codes/pethonesty.com
https://minty.com/s/truewerk.com,Matched,truewerk.com,https://dealspotr.com/promo-codes/truewerk.com
https://minty.com/s/weatherman.com,Not Matched,weatherman.com,
https://minty.com/s/kifaru.net,Matched,kifaru.net,https://dealspotr.com/promo-codes/kifaru.net
https://minty.com/s/coversandall.co.uk,Matched,coversandall.co.uk,https://dealspotr.com/promo-codes/coversandall.co.uk
https://minty.com/s/camper.com,Matched,camper.com,https://dealspotr.com/promo-codes/camper.com
https://minty.com/s/briggs-riley.com,Matched,briggs-riley.com,https://dealspotr.com/promo-codes/briggs-riley.com
https://minty.com/s/toorknives.com,Matched,toorknives.com,https://dealspotr.com/promo-codes/toorknives.com
https://minty.com/s/escapecampervans.com,Matched,escapecampervans.com,https://dealspotr.com/promo-codes/escapecampervans.com
https://minty.com/s/sportsresearch.com,Matched,sportsresearch.com,https://dealspotr.com/promo-codes/sportsresearch.com
https://minty.com/s/bluettipower.com,Matched,bluettipower.com,https://dealspotr.com/promo-codes/bluettipower.com
https://minty.com/s/offerpad.com,Matched,offerpad.com,https://dealspotr.com/promo-codes/offerpad.com
https://minty.com/s/rakadx.com,Matched,rakadx.com,https://dealspotr.com/promo-codes/rakadx.com
https://minty.com/s/jockofuel.com,Matched,jockofuel.com,https://dealspotr.com/promo-codes/jockofuel.com
https://minty.com/s/getyourguide.com,Matched,getyourguide.com,https://dealspotr.com/promo-codes/getyourguide.com
https://minty.com/s/thefuturerocks.com,Matched,thefuturerocks.com,https://dealspotr.com/promo-codes/thefuturerocks.com
https://minty.com/s/whirlpool.com,Matched,whirlpool.com,https://dealspotr.com/promo-codes/whirlpool.com
https://minty.com/s/radioflyer.com,Matched,radioflyer.com,https://dealspotr.com/promo-codes/radioflyer.com
https://minty.com/s/entirelypetspharmacy.com,Matched,entirelypetspharmacy.com,https://dealspotr.com/promo-codes/entirelypetspharmacy.com
https://minty.com/s/mymully.com,Not Matched,mymully.com,
https://minty.com/s/blockchain-council.org,Matched,blockchain-council.org,https://dealspotr.com/promo-codes/blockchain-council.org
https://minty.com/s/luminaid.com,Matched,luminaid.com,https://dealspotr.com/promo-codes/luminaid.com
https://minty.com/s/dayspring.com,Matched,dayspring.com,https://dealspotr.com/promo-codes/dayspring.com
https://minty.com/s/shippingeasy.com,Matched,shippingeasy.com,https://dealspotr.com/promo-codes/shippingeasy.com
https://minty.com/s/acurite.com,Matched,acurite.com,https://dealspotr.com/promo-codes/acurite.com
https://minty.com/s/freelivingco.co,Matched,freelivingco.co,https://dealspotr.com/promo-codes/freelivingco.co
https://minty.com/s/contourdesign.com,Matched,contourdesign.com,https://dealspotr.com/promo-codes/contourdesign.com
https://minty.com/s/viscosoft.com,Matched,viscosoft.com,https://dealspotr.com/promo-codes/viscosoft.com
https://minty.com/s/maidenform.com,Matched,maidenform.com,https://dealspotr.com/promo-codes/maidenform.com
https://minty.com/s/mythinkcar.com,Matched,mythinkcar.com,https://dealspotr.com/promo-codes/mythinkcar.com
https://minty.com/s/vacations.united.com,Matched,vacations.united.com,https://dealspotr.com/promo-codes/vacations.united.com
https://minty.com/s/alpacadirect.com,Matched,alpacadirect.com,https://dealspotr.com/promo-codes/alpacadirect.com
https://minty.com/s/lollicupstore.com,Matched,lollicupstore.com,https://dealspotr.com/promo-codes/lollicupstore.com
https://minty.com/s/babysunnies.com,Matched,babysunnies.com,https://dealspotr.com/promo-codes/babysunnies.com
https://minty.com/s/audiobooksnow.com,Matched,audiobooksnow.com,https://dealspotr.com/promo-codes/audiobooksnow.com
https://minty.com/s/natchezss.com,Matched,natchezss.com,https://dealspotr.com/promo-codes/natchezss.com
https://minty.com/s/kennethcole.com,Matched,kennethcole.com,https://dealspotr.com/promo-codes/kennethcole.com
https://minty.com/s/butlertechnik.com,Matched,butlertechnik.com,https://dealspotr.com/promo-codes/butlertechnik.com
https://minty.com/s/crystalplus.com,Matched,crystalplus.com,https://dealspotr.com/promo-codes/crystalplus.com
https://minty.com/s/bikeathletic.com,Matched,bikeathletic.com,https://dealspotr.com/promo-codes/bikeathletic.com
https://minty.com/s/mirodemi.com,Matched,mirodemi.com,https://dealspotr.com/promo-codes/mirodemi.com
https://minty.com/s/photobucket.com,Matched,photobucket.com,https://dealspotr.com/promo-codes/photobucket.com
https://minty.com/s/hukgear.com,Matched,hukgear.com,https://dealspotr.com/promo-codes/hukgear.com
https://minty.com/s/thefryecompany.com,Matched,thefryecompany.com,https://dealspotr.com/promo-codes/thefryecompany.com
https://minty.com/s/art.com,Matched,art.com,https://dealspotr.com/promo-codes/art.com
https://minty.com/s/aktlondon.com,Matched,aktlondon.com,https://dealspotr.com/promo-codes/aktlondon.com
https://minty.com/s/us.amorepacific.com,Matched,us.amorepacific.com,https://dealspotr.com/promo-codes/us.amorepacific.com
https://minty.com/s/olofly.com,Matched,olofly.com,https://dealspotr.com/promo-codes/olofly.com
https://minty.com/s/rebeccaminkoff.com,Matched,rebeccaminkoff.com,https://dealspotr.com/promo-codes/rebeccaminkoff.com
https://minty.com/s/apothekeco.com,Matched,apothekeco.com,https://dealspotr.com/promo-codes/apothekeco.com
https://minty.com/s/ticketclub.com,Matched,ticketclub.com,https://dealspotr.com/promo-codes/ticketclub.com
https://minty.com/s/saxxunderwear.com,Matched,saxxunderwear.com,https://dealspotr.com/promo-codes/saxxunderwear.com
https://minty.com/s/thejacketmaker.com,Matched,thejacketmaker.com,https://dealspotr.com/promo-codes/thejacketmaker.com
https://minty.com/s/easyplumbing.com,Matched,easyplumbing.com,https://dealspotr.com/promo-codes/easyplumbing.com
https://minty.com/s/jellybelly.com,Matched,jellybelly.com,https://dealspotr.com/promo-codes/jellybelly.com
https://minty.com/s/kumoly.com,Matched,kumoly.com,https://dealspotr.com/promo-codes/kumoly.com
https://minty.com/s/sprwmn.com,Matched,sprwmn.com,https://dealspotr.com/promo-codes/sprwmn.com
https://minty.com/s/hushed.com,Matched,hushed.com,https://dealspotr.com/promo-codes/hushed.com
https://minty.com/s/gcioutdoor.com,Matched,gcioutdoor.com,https://dealspotr.com/promo-codes/gcioutdoor.com
https://minty.com/s/columbia.com,Matched,columbia.com,https://dealspotr.com/promo-codes/columbia.com
https://minty.com/s/childrensplace.com,Matched,childrensplace.com,https://dealspotr.com/promo-codes/childrensplace.com
https://minty.com/s/petcaresupplies.com,Matched,petcaresupplies.com,https://dealspotr.com/promo-codes/petcaresupplies.com
https://minty.com/s/thinx.com,Matched,thinx.com,https://dealspotr.com/promo-codes/thinx.com
https://minty.com/s/shiftrobotics.io,Matched,shiftrobotics.io,https://dealspotr.com/promo-codes/shiftrobotics.io
https://minty.com/s/asebbo.com,Matched,asebbo.com,https://dealspotr.com/promo-codes/asebbo.com
https://minty.com/s/bellame.com,Matched,bellame.com,https://dealspotr.com/promo-codes/bellame.com
https://minty.com/s/loungefly.com,Matched,loungefly.com,https://dealspotr.com/promo-codes/loungefly.com
https://minty.com/s/scosche.com,Matched,scosche.com,https://dealspotr.com/promo-codes/scosche.com
https://minty.com/s/makeuperaser.com,Matched,makeuperaser.com,https://dealspotr.com/promo-codes/makeuperaser.com
https://minty.com/s/bookmap.com,Matched,bookmap.com,https://dealspotr.com/promo-codes/bookmap.com
https://minty.com/s/heivy.com,Matched,heivy.com,https://dealspotr.com/promo-codes/heivy.com
https://minty.com/s/blair.com,Matched,blair.com,https://dealspotr.com/promo-codes/blair.com
https://minty.com/s/broadwaydirect.com,Matched,broadwaydirect.com,https://dealspotr.com/promo-codes/broadwaydirect.com
https://minty.com/s/kindoasis.com,Matched,kindoasis.com,https://dealspotr.com/promo-codes/kindoasis.com
https://minty.com/s/simba.shop,Matched,simba.shop,https://dealspotr.com/promo-codes/simba.shop
https://minty.com/s/lensesforless.com,Matched,lensesforless.com,https://dealspotr.com/promo-codes/lensesforless.com
https://minty.com/s/footshop.com,Matched,footshop.com,https://dealspotr.com/promo-codes/footshop.com
https://minty.com/s/shop.activationproducts.com,Not Matched,shop.activationproducts.com,
https://minty.com/s/freeletics.com,Matched,freeletics.com,https://dealspotr.com/promo-codes/freeletics.com
https://minty.com/s/detrash.com,Matched,detrash.com,https://dealspotr.com/promo-codes/detrash.com
https://minty.com/s/norlanglass.com,Matched,norlanglass.com,https://dealspotr.com/promo-codes/norlanglass.com
https://minty.com/s/prioritytire.com,Matched,prioritytire.com,https://dealspotr.com/promo-codes/prioritytire.com
https://minty.com/s/skylum.com,Matched,skylum.com,https://dealspotr.com/promo-codes/skylum.com
https://minty.com/s/dkhardware.com,Matched,dkhardware.com,https://dealspotr.com/promo-codes/dkhardware.com
https://minty.com/s/unbeatablesale.com,Matched,unbeatablesale.com,https://dealspotr.com/promo-codes/unbeatablesale.com
https://minty.com/s/getjackblack.com,Matched,getjackblack.com,https://dealspotr.com/promo-codes/getjackblack.com
https://minty.com/s/potpourrigroup.com,Matched,potpourrigroup.com,https://dealspotr.com/promo-codes/potpourrigroup.com
https://minty.com/s/sandcloud.com,Matched,sandcloud.com,https://dealspotr.com/promo-codes/sandcloud.com
https://minty.com/s/wayspa.com,Matched,wayspa.com,https://dealspotr.com/promo-codes/wayspa.com
https://minty.com/s/trampolinepartsandsupply.com,Matched,trampolinepartsandsupply.com,https://dealspotr.com/promo-codes/trampolinepartsandsupply.com
https://minty.com/s/redshelf.com,Matched,redshelf.com,https://dealspotr.com/promo-codes/redshelf.com
https://minty.com/s/florencebymillsfashion.com,Matched,florencebymillsfashion.com,https://dealspotr.com/promo-codes/florencebymillsfashion.com
https://minty.com/s/lovedbaby.com,Matched,lovedbaby.com,https://dealspotr.com/promo-codes/lovedbaby.com
https://minty.com/s/northernmonk.com,Matched,northernmonk.com,https://dealspotr.com/promo-codes/northernmonk.com
https://minty.com/s/corvive.com,Matched,corvive.com,https://dealspotr.com/promo-codes/corvive.com
https://minty.com/s/empiretoday.com,Matched,empiretoday.com,https://dealspotr.com/promo-codes/empiretoday.com
https://minty.com/s/originpc.com,Matched,originpc.com,https://dealspotr.com/promo-codes/originpc.com
https://minty.com/s/unionbay.com,Matched,unionbay.com,https://dealspotr.com/promo-codes/unionbay.com
https://minty.com/s/discountschoolsupply.com,Matched,discountschoolsupply.com,https://dealspotr.com/promo-codes/discountschoolsupply.com
https://minty.com/s/gibsonlook.com,Matched,gibsonlook.com,https://dealspotr.com/promo-codes/gibsonlook.com
https://minty.com/s/americanleatherco.com,Matched,americanleatherco.com,https://dealspotr.com/promo-codes/americanleatherco.com
https://minty.com/s/spothero.com,Matched,spothero.com,https://dealspotr.com/promo-codes/spothero.com
https://minty.com/s/smokpub.com,Matched,smokpub.com,https://dealspotr.com/promo-codes/smokpub.com
https://minty.com/s/dphue.com,Matched,dphue.com,https://dealspotr.com/promo-codes/dphue.com
https://minty.com/s/tirerack.com,Matched,tirerack.com,https://dealspotr.com/promo-codes/tirerack.com
https://minty.com/s/zagg.com,Matched,zagg.com,https://dealspotr.com/promo-codes/zagg.com
https://minty.com/s/usamerica.shop,Matched,usamerica.shop,https://dealspotr.com/promo-codes/usamerica.shop
https://minty.com/s/paramountplus.com,Matched,paramountplus.com,https://dealspotr.com/promo-codes/paramountplus.com
https://minty.com/s/laylasleep.com,Matched,laylasleep.com,https://dealspotr.com/promo-codes/laylasleep.com
https://minty.com/s/colemanfurniture.com,Matched,colemanfurniture.com,https://dealspotr.com/promo-codes/colemanfurniture.com
https://minty.com/s/blacktulipstudio.com,Matched,blacktulipstudio.com,https://dealspotr.com/promo-codes/blacktulipstudio.com
https://minty.com/s/verbproducts.com,Matched,verbproducts.com,https://dealspotr.com/promo-codes/verbproducts.com
https://minty.com/s/orlandovacation.com,Matched,orlandovacation.com,https://dealspotr.com/promo-codes/orlandovacation.com
https://minty.com/s/ataglance.com,Matched,ataglance.com,https://dealspotr.com/promo-codes/ataglance.com
https://minty.com/s/organicbabyfood24.de,Matched,organicbabyfood24.de,https://dealspotr.com/promo-codes/organicbabyfood24.de
https://minty.com/s/pressed.com,Matched,pressed.com,https://dealspotr.com/promo-codes/pressed.com
https://minty.com/s/wildoakboutique.com,Matched,wildoakboutique.com,https://dealspotr.com/promo-codes/wildoakboutique.com
https://minty.com/s/vedicinalsusa.com,Matched,vedicinalsusa.com,https://dealspotr.com/promo-codes/vedicinalsusa.com
https://minty.com/s/ketamineclinics.com,Matched,ketamineclinics.com,https://dealspotr.com/promo-codes/ketamineclinics.com
https://minty.com/s/botanicchoice.com,Matched,botanicchoice.com,https://dealspotr.com/promo-codes/botanicchoice.com
https://minty.com/s/xrockergaming.com,Matched,xrockergaming.com,https://dealspotr.com/promo-codes/xrockergaming.com
https://minty.com/s/phone.com,Matched,phone.com,https://dealspotr.com/promo-codes/phone.com
https://minty.com/s/murad.com,Matched,murad.com,https://dealspotr.com/promo-codes/murad.com
https://minty.com/s/ramybrook.com,Matched,ramybrook.com,https://dealspotr.com/promo-codes/ramybrook.com
https://minty.com/s/shopwss.com,Matched,shopwss.com,https://dealspotr.com/promo-codes/shopwss.com
https://minty.com/s/wondershare.com,Matched,wondershare.com,https://dealspotr.com/promo-codes/wondershare.com
https://minty.com/s/napaonline.com,Matched,napaonline.com,https://dealspotr.com/promo-codes/napaonline.com
https://minty.com/s/florsheim.com,Matched,florsheim.com,https://dealspotr.com/promo-codes/florsheim.com
https://minty.com/s/ryka.com,Matched,ryka.com,https://dealspotr.com/promo-codes/ryka.com
https://minty.com/s/chemicalguys.com,Matched,chemicalguys.com,https://dealspotr.com/promo-codes/chemicalguys.com
https://minty.com/s/autonomous.ai,Matched,autonomous.ai,https://dealspotr.com/promo-codes/autonomous.ai
https://minty.com/s/matrixhomefitness.com,Matched,matrixhomefitness.com,https://dealspotr.com/promo-codes/matrixhomefitness.com
https://minty.com/s/andalou.com,Matched,andalou.com,https://dealspotr.com/promo-codes/andalou.com
https://minty.com/s/shopalexis.com,Matched,shopalexis.com,https://dealspotr.com/promo-codes/shopalexis.com
https://minty.com/s/modloft.com,Matched,modloft.com,https://dealspotr.com/promo-codes/modloft.com
https://minty.com/s/suziebumble.com,Matched,suziebumble.com,https://dealspotr.com/promo-codes/suziebumble.com
https://minty.com/s/getcarifit.com,Matched,getcarifit.com,https://dealspotr.com/promo-codes/getcarifit.com
https://minty.com/s/exponentbeauty.com,Matched,exponentbeauty.com,https://dealspotr.com/promo-codes/exponentbeauty.com
https://minty.com/s/breezygolf.com,Matched,breezygolf.com,https://dealspotr.com/promo-codes/breezygolf.com
https://minty.com/s/miir.com,Matched,miir.com,https://dealspotr.com/promo-codes/miir.com
https://minty.com/s/petivity.com,Matched,petivity.com,https://dealspotr.com/promo-codes/petivity.com
https://minty.com/s/ahnu.co,Matched,ahnu.co,https://dealspotr.com/promo-codes/ahnu.co
https://minty.com/s/ajmadison.com,Matched,ajmadison.com,https://dealspotr.com/promo-codes/ajmadison.com
https://minty.com/s/meditatehappier.com,Matched,meditatehappier.com,https://dealspotr.com/promo-codes/meditatehappier.com
https://minty.com/s/athleticpropulsionlabs.com,Matched,athleticpropulsionlabs.com,https://dealspotr.com/promo-codes/athleticpropulsionlabs.com
https://minty.com/s/finestationery.com,Matched,finestationery.com,https://dealspotr.com/promo-codes/finestationery.com
https://minty.com/s/mylabbox.com,Matched,mylabbox.com,https://dealspotr.com/promo-codes/mylabbox.com
https://minty.com/s/glassguard.com,Matched,glassguard.com,https://dealspotr.com/promo-codes/glassguard.com
https://minty.com/s/gothamcigars.com,Matched,gothamcigars.com,https://dealspotr.com/promo-codes/gothamcigars.com
https://minty.com/s/cox.com,Matched,cox.com,https://dealspotr.com/promo-codes/cox.com
https://minty.com/s/pinpaws.com,Matched,pinpaws.com,https://dealspotr.com/promo-codes/pinpaws.com
https://minty.com/s/shelterlogic.com,Matched,shelterlogic.com,https://dealspotr.com/promo-codes/shelterlogic.com
https://minty.com/s/mychicagosteak.com,Matched,mychicagosteak.com,https://dealspotr.com/promo-codes/mychicagosteak.com
https://minty.com/s/shopgoldenwarm.com,Matched,shopgoldenwarm.com,https://dealspotr.com/promo-codes/shopgoldenwarm.com
https://minty.com/s/physiostore.ca,Matched,physiostore.ca,https://dealspotr.com/promo-codes/physiostore.ca
https://minty.com/s/vegas.com,Matched,vegas.com,https://dealspotr.com/promo-codes/vegas.com
https://minty.com/s/princetontec.com,Matched,princetontec.com,https://dealspotr.com/promo-codes/princetontec.com
https://minty.com/s/mezlan.com,Matched,mezlan.com,https://dealspotr.com/promo-codes/mezlan.com
https://minty.com/s/herocosmetics.us,Matched,herocosmetics.us,https://dealspotr.com/promo-codes/herocosmetics.us
https://minty.com/s/wonderfold.com,Matched,wonderfold.com,https://dealspotr.com/promo-codes/wonderfold.com
https://minty.com/s/rosesonly.com,Matched,rosesonly.com,https://dealspotr.com/promo-codes/rosesonly.com
https://minty.com/s/fliggsmobile.com,Matched,fliggsmobile.com,https://dealspotr.com/promo-codes/fliggsmobile.com
https://minty.com/s/bonafidemasks.com,Matched,bonafidemasks.com,https://dealspotr.com/promo-codes/bonafidemasks.com
https://minty.com/s/getpuroair.com,Matched,getpuroair.com,https://dealspotr.com/promo-codes/getpuroair.com
https://minty.com/s/okai.co,Matched,okai.co,https://dealspotr.com/promo-codes/okai.co
https://minty.com/s/trueshotammo.com,Matched,trueshotammo.com,https://dealspotr.com/promo-codes/trueshotammo.com
https://minty.com/s/calendars.com,Matched,calendars.com,https://dealspotr.com/promo-codes/calendars.com
https://minty.com/s/eyedictive.com,Matched,eyedictive.com,https://dealspotr.com/promo-codes/eyedictive.com
https://minty.com/s/dreamarcades.com,Matched,dreamarcades.com,https://dealspotr.com/promo-codes/dreamarcades.com
https://minty.com/s/freedomoffroadusa.com,Matched,freedomoffroadusa.com,https://dealspotr.com/promo-codes/freedomoffroadusa.com
https://minty.com/s/coffeebros.com,Matched,coffeebros.com,https://dealspotr.com/promo-codes/coffeebros.com
https://minty.com/s/can-am.brp.com,Not Matched,can-am.brp.com,
https://minty.com/s/shop.linzheritageangus.com,Matched,shop.linzheritageangus.com,https://dealspotr.com/promo-codes/shop.linzheritageangus.com
https://minty.com/s/popstarlabs.com,Matched,popstarlabs.com,https://dealspotr.com/promo-codes/popstarlabs.com
https://minty.com/s/us.vaio.com,Matched,us.vaio.com,https://dealspotr.com/promo-codes/us.vaio.com
https://minty.com/s/silkcutunderwear.com,Matched,silkcutunderwear.com,https://dealspotr.com/promo-codes/silkcutunderwear.com
https://minty.com/s/us.soundcore.com,Not Matched,us.soundcore.com,
https://minty.com/s/godiva.com,Matched,godiva.com,https://dealspotr.com/promo-codes/godiva.com
https://minty.com/s/freebirdees.com,Matched,freebirdees.com,https://dealspotr.com/promo-codes/freebirdees.com
https://minty.com/s/fender.com,Matched,fender.com,https://dealspotr.com/promo-codes/fender.com
https://minty.com/s/malinandgoetz.com,Matched,malinandgoetz.com,https://dealspotr.com/promo-codes/malinandgoetz.com
https://minty.com/s/pond5.com,Matched,pond5.com,https://dealspotr.com/promo-codes/pond5.com
https://minty.com/s/parisrhone.com,Matched,parisrhone.com,https://dealspotr.com/promo-codes/parisrhone.com
https://minty.com/s/josbank.com,Matched,josbank.com,https://dealspotr.com/promo-codes/josbank.com
https://minty.com/s/blissworld.com,Matched,blissworld.com,https://dealspotr.com/promo-codes/blissworld.com
https://minty.com/s/splendid.com,Matched,splendid.com,https://dealspotr.com/promo-codes/splendid.com
https://minty.com/s/esimusa.com,Not Matched,esimusa.com,
https://minty.com/s/speckproducts.com,Matched,speckproducts.com,https://dealspotr.com/promo-codes/speckproducts.com
https://minty.com/s/maximustribe.com,Matched,maximustribe.com,https://dealspotr.com/promo-codes/maximustribe.com
https://minty.com/s/clearbags.com,Matched,clearbags.com,https://dealspotr.com/promo-codes/clearbags.com
https://minty.com/s/us.sulwhasoo.com,Matched,us.sulwhasoo.com,https://dealspotr.com/promo-codes/us.sulwhasoo.com
https://minty.com/s/jennycraig.com,Matched,jennycraig.com,https://dealspotr.com/promo-codes/jennycraig.com
https://minty.com/s/nutrishopusa.com,Matched,nutrishopusa.com,https://dealspotr.com/promo-codes/nutrishopusa.com
https://minty.com/s/future.co,Matched,future.co,https://dealspotr.com/promo-codes/future.co
https://minty.com/s/splendidspoon.com,Matched,splendidspoon.com,https://dealspotr.com/promo-codes/splendidspoon.com
https://minty.com/s/hullopillow.com,Matched,hullopillow.com,https://dealspotr.com/promo-codes/hullopillow.com
https://minty.com/s/hydroflask.com,Matched,hydroflask.com,https://dealspotr.com/promo-codes/hydroflask.com
https://minty.com/s/poundtoys.co.uk,Matched,poundtoys.co.uk,https://dealspotr.com/promo-codes/poundtoys.co.uk
https://minty.com/s/purehockey.com,Matched,purehockey.com,https://dealspotr.com/promo-codes/purehockey.com
https://minty.com/s/prezzee.com,Matched,prezzee.com,https://dealspotr.com/promo-codes/prezzee.com
https://minty.com/s/meetalleyoop.com,Matched,meetalleyoop.com,https://dealspotr.com/promo-codes/meetalleyoop.com
https://minty.com/s/thehairdiagram.com,Matched,thehairdiagram.com,https://dealspotr.com/promo-codes/thehairdiagram.com
https://minty.com/s/grooniearthing.com,Matched,grooniearthing.com,https://dealspotr.com/promo-codes/grooniearthing.com
https://minty.com/s/johnboos.com,Matched,johnboos.com,https://dealspotr.com/promo-codes/johnboos.com
https://minty.com/s/playaluxe.com,Matched,playaluxe.com,https://dealspotr.com/promo-codes/playaluxe.com
https://minty.com/s/nunnbush.com,Not Matched,nunnbush.com,
https://minty.com/s/maventrading.com,Matched,maventrading.com,https://dealspotr.com/promo-codes/maventrading.com
https://minty.com/s/merlenorman.com,Matched,merlenorman.com,https://dealspotr.com/promo-codes/merlenorman.com
https://minty.com/s/rosehipvital.com,Matched,rosehipvital.com,https://dealspotr.com/promo-codes/rosehipvital.com
https://minty.com/s/gevi.com,Matched,gevi.com,https://dealspotr.com/promo-codes/gevi.com
https://minty.com/s/dogcloudbeds.com,Matched,dogcloudbeds.com,https://dealspotr.com/promo-codes/dogcloudbeds.com
https://minty.com/s/zwilling.com,Not Matched,zwilling.com,
https://minty.com/s/gopuff.com,Matched,gopuff.com,https://dealspotr.com/promo-codes/gopuff.com
https://minty.com/s/magazines.com,Matched,magazines.com,https://dealspotr.com/promo-codes/magazines.com
https://minty.com/s/denvermodern.com,Matched,denvermodern.com,https://dealspotr.com/promo-codes/denvermodern.com
https://minty.com/s/xtrema.com,Matched,xtrema.com,https://dealspotr.com/promo-codes/xtrema.com
https://minty.com/s/halloweencostumes.com,Matched,halloweencostumes.com,https://dealspotr.com/promo-codes/halloweencostumes.com
https://minty.com/s/clickmeeting.com,Matched,clickmeeting.com,https://dealspotr.com/promo-codes/clickmeeting.com
https://minty.com/s/gamefly.com,Matched,gamefly.com,https://dealspotr.com/promo-codes/gamefly.com
https://minty.com/s/beautyblender.com,Matched,beautyblender.com,https://dealspotr.com/promo-codes/beautyblender.com
https://minty.com/s/theperfumespot.com,Matched,theperfumespot.com,https://dealspotr.com/promo-codes/theperfumespot.com
https://minty.com/s/rockbottomgolf.com,Matched,rockbottomgolf.com,https://dealspotr.com/promo-codes/rockbottomgolf.com
https://minty.com/s/farmfreshtoyou.com,Matched,farmfreshtoyou.com,https://dealspotr.com/promo-codes/farmfreshtoyou.com
https://minty.com/s/hellocake.com,Matched,hellocake.com,https://dealspotr.com/promo-codes/hellocake.com
https://minty.com/s/westerndigital.com,Matched,westerndigital.com,https://dealspotr.com/promo-codes/westerndigital.com
https://minty.com/s/sundek.us,Matched,sundek.us,https://dealspotr.com/promo-codes/sundek.us
https://minty.com/s/americangirl.com,Matched,americangirl.com,https://dealspotr.com/promo-codes/americangirl.com
https://minty.com/s/moxskincare.com,Matched,moxskincare.com,https://dealspotr.com/promo-codes/moxskincare.com
https://minty.com/s/cheapoair.com,Matched,cheapoair.com,https://dealspotr.com/promo-codes/cheapoair.com
https://minty.com/s/winebasket.com,Matched,winebasket.com,https://dealspotr.com/promo-codes/winebasket.com
https://minty.com/s/lilash.com,Matched,lilash.com,https://dealspotr.com/promo-codes/lilash.com
https://minty.com/s/classiccars.com,Matched,classiccars.com,https://dealspotr.com/promo-codes/classiccars.com
https://minty.com/s/boarderie.com,Matched,boarderie.com,https://dealspotr.com/promo-codes/boarderie.com
https://minty.com/s/thefruitcompany.com,Matched,thefruitcompany.com,https://dealspotr.com/promo-codes/thefruitcompany.com
https://minty.com/s/calpaktravel.com,Matched,calpaktravel.com,https://dealspotr.com/promo-codes/calpaktravel.com
https://minty.com/s/hungryroot.com,Matched,hungryroot.com,https://dealspotr.com/promo-codes/hungryroot.com
https://minty.com/s/cheapflightsfares.com,Matched,cheapflightsfares.com,https://dealspotr.com/promo-codes/cheapflightsfares.com
https://minty.com/s/mobilepixels.us,Matched,mobilepixels.us,https://dealspotr.com/promo-codes/mobilepixels.us
https://minty.com/s/udacity.com,Matched,udacity.com,https://dealspotr.com/promo-codes/udacity.com
https://minty.com/s/bbqguys.com,Matched,bbqguys.com,https://dealspotr.com/promo-codes/bbqguys.com
https://minty.com/s/teva.com,Matched,teva.com,https://dealspotr.com/promo-codes/teva.com
https://minty.com/s/nike.com,Matched,nike.com,https://dealspotr.com/promo-codes/nike.com
https://minty.com/s/tiremart.com,Matched,tiremart.com,https://dealspotr.com/promo-codes/tiremart.com
https://minty.com/s/buffalojeans.com,Matched,buffalojeans.com,https://dealspotr.com/promo-codes/buffalojeans.com
https://minty.com/s/reshoevn8r.com,Matched,reshoevn8r.com,https://dealspotr.com/promo-codes/reshoevn8r.com
https://minty.com/s/innovetpet.com,Matched,innovetpet.com,https://dealspotr.com/promo-codes/innovetpet.com
https://minty.com/s/shop.simon.com,Matched,shop.simon.com,https://dealspotr.com/promo-codes/shop.simon.com
https://minty.com/s/perfectmemorials.com,Matched,perfectmemorials.com,https://dealspotr.com/promo-codes/perfectmemorials.com
https://minty.com/s/1800flowers.com,Matched,1800flowers.com,https://dealspotr.com/promo-codes/1800flowers.com
https://minty.com/s/shipito.com,Matched,shipito.com,https://dealspotr.com/promo-codes/shipito.com
https://minty.com/s/cookiesbydesign.com,Matched,cookiesbydesign.com,https://dealspotr.com/promo-codes/cookiesbydesign.com
https://minty.com/s/us.evapolar.com,Not Matched,us.evapolar.com,
https://minty.com/s/fewmoda.com,Matched,fewmoda.com,https://dealspotr.com/promo-codes/fewmoda.com
https://minty.com/s/lightsonline.com,Matched,lightsonline.com,https://dealspotr.com/promo-codes/lightsonline.com
https://minty.com/s/foxrentacar.com,Matched,foxrentacar.com,https://dealspotr.com/promo-codes/foxrentacar.com
https://minty.com/s/senior.com,Matched,senior.com,https://dealspotr.com/promo-codes/senior.com
https://minty.com/s/murfelectricbikes.com,Matched,murfelectricbikes.com,https://dealspotr.com/promo-codes/murfelectricbikes.com
https://minty.com/s/knetbooks.com,Matched,knetbooks.com,https://dealspotr.com/promo-codes/knetbooks.com
https://minty.com/s/dimo.co,Matched,dimo.co,https://dealspotr.com/promo-codes/dimo.co
https://minty.com/s/ecampus.com,Matched,ecampus.com,https://dealspotr.com/promo-codes/ecampus.com
https://minty.com/s/biermannscloset.com,Not Matched,biermannscloset.com,
https://minty.com/s/buycbdhub.com,Matched,buycbdhub.com,https://dealspotr.com/promo-codes/buycbdhub.com
https://minty.com/s/lensabl.com,Matched,lensabl.com,https://dealspotr.com/promo-codes/lensabl.com
https://minty.com/s/fanatics.com,Matched,fanatics.com,https://dealspotr.com/promo-codes/fanatics.com
https://minty.com/s/ashleystewart.com,Matched,ashleystewart.com,https://dealspotr.com/promo-codes/ashleystewart.com
https://minty.com/s/jonathanadler.com,Matched,jonathanadler.com,https://dealspotr.com/promo-codes/jonathanadler.com
https://minty.com/s/7forallmankind.com,Matched,7forallmankind.com,https://dealspotr.com/promo-codes/7forallmankind.com
https://minty.com/s/xhibition.co,Matched,xhibition.co,https://dealspotr.com/promo-codes/xhibition.co
https://minty.com/s/fragrancenet.com,Matched,fragrancenet.com,https://dealspotr.com/promo-codes/fragrancenet.com
https://minty.com/s/zulily.com,Matched,zulily.com,https://dealspotr.com/promo-codes/zulily.com
https://minty.com/s/midlandusa.com,Matched,midlandusa.com,https://dealspotr.com/promo-codes/midlandusa.com
https://minty.com/s/chaiz.com,Matched,chaiz.com,https://dealspotr.com/promo-codes/chaiz.com
https://minty.com/s/webroot.com,Matched,webroot.com,https://dealspotr.com/promo-codes/webroot.com
https://minty.com/s/trip.com,Not Matched,trip.com,
https://minty.com/s/brother-usa.com,Matched,brother-usa.com,https://dealspotr.com/promo-codes/brother-usa.com
https://minty.com/s/sea-ny.com,Matched,sea-ny.com,https://dealspotr.com/promo-codes/sea-ny.com
https://minty.com/s/us.mybrainco.com,Matched,us.mybrainco.com,https://dealspotr.com/promo-codes/us.mybrainco.com
https://minty.com/s/honest.com,Matched,honest.com,https://dealspotr.com/promo-codes/honest.com
https://minty.com/s/kidrobot.com,Matched,kidrobot.com,https://dealspotr.com/promo-codes/kidrobot.com
https://minty.com/s/us.technics.com,Matched,us.technics.com,https://dealspotr.com/promo-codes/us.technics.com
https://minty.com/s/thinkcapital.com,Matched,thinkcapital.com,https://dealspotr.com/promo-codes/thinkcapital.com
https://minty.com/s/closestcloset.com,Matched,closestcloset.com,https://dealspotr.com/promo-codes/closestcloset.com
https://minty.com/s/restaurantessentials.com,Matched,restaurantessentials.com,https://dealspotr.com/promo-codes/restaurantessentials.com
https://minty.com/s/ramgolf.com,Matched,ramgolf.com,https://dealspotr.com/promo-codes/ramgolf.com
https://minty.com/s/bloomchic.com,Matched,bloomchic.com,https://dealspotr.com/promo-codes/bloomchic.com
https://minty.com/s/liveandsleep.com,Matched,liveandsleep.com,https://dealspotr.com/promo-codes/liveandsleep.com
https://minty.com/s/budgetpetcare.com,Matched,budgetpetcare.com,https://dealspotr.com/promo-codes/budgetpetcare.com
https://minty.com/s/sandals.com,Matched,sandals.com,https://dealspotr.com/promo-codes/sandals.com
https://minty.com/s/constructor.tech,Matched,constructor.tech,https://dealspotr.com/promo-codes/constructor.tech
https://minty.com/s/mutusystem.com,Matched,mutusystem.com,https://dealspotr.com/promo-codes/mutusystem.com
https://minty.com/s/jucy.com,Not Matched,jucy.com,
https://minty.com/s/drinkolipop.com,Matched,drinkolipop.com,https://dealspotr.com/promo-codes/drinkolipop.com
https://minty.com/s/hydrow.com,Matched,hydrow.com,https://dealspotr.com/promo-codes/hydrow.com
https://minty.com/s/cosmos.com,Matched,cosmos.com,https://dealspotr.com/promo-codes/cosmos.com
https://minty.com/s/wagwalking.com,Matched,wagwalking.com,https://dealspotr.com/promo-codes/wagwalking.com
https://minty.com/s/purethera.com,Matched,purethera.com,https://dealspotr.com/promo-codes/purethera.com
https://minty.com/s/scentair.com,Matched,scentair.com,https://dealspotr.com/promo-codes/scentair.com
https://minty.com/s/jensonusa.com,Matched,jensonusa.com,https://dealspotr.com/promo-codes/jensonusa.com
https://minty.com/s/samsclub.com,Matched,samsclub.com,https://dealspotr.com/promo-codes/samsclub.com
https://minty.com/s/us.amazfit.com,Matched,us.amazfit.com,https://dealspotr.com/promo-codes/us.amazfit.com
https://minty.com/s/replacements.com,Matched,replacements.com,https://dealspotr.com/promo-codes/replacements.com
https://minty.com/s/amscope.com,Matched,amscope.com,https://dealspotr.com/promo-codes/amscope.com
https://minty.com/s/krogerwireless.com,Matched,krogerwireless.com,https://dealspotr.com/promo-codes/krogerwireless.com
https://minty.com/s/allenedmonds.com,Matched,allenedmonds.com,https://dealspotr.com/promo-codes/allenedmonds.com
https://minty.com/s/abrighteryear.com,Matched,abrighteryear.com,https://dealspotr.com/promo-codes/abrighteryear.com
https://minty.com/s/cpopowertools.com,Matched,cpopowertools.com,https://dealspotr.com/promo-codes/cpopowertools.com
https://minty.com/s/cupshe.com,Matched,cupshe.com,https://dealspotr.com/promo-codes/cupshe.com
https://minty.com/s/avencohome.com,Matched,avencohome.com,https://dealspotr.com/promo-codes/avencohome.com
https://minty.com/s/johnnybigg.com,Matched,johnnybigg.com,https://dealspotr.com/promo-codes/johnnybigg.com
https://minty.com/s/joanieclothing.com,Matched,joanieclothing.com,https://dealspotr.com/promo-codes/joanieclothing.com
https://minty.com/s/testclear.com,Matched,testclear.com,https://dealspotr.com/promo-codes/testclear.com
https://minty.com/s/libertytax.com,Matched,libertytax.com,https://dealspotr.com/promo-codes/libertytax.com
https://minty.com/s/avacaremedical.com,Matched,avacaremedical.com,https://dealspotr.com/promo-codes/avacaremedical.com
https://minty.com/s/chiccousa.com,Matched,chiccousa.com,https://dealspotr.com/promo-codes/chiccousa.com
https://minty.com/s/wineexpress.com,Matched,wineexpress.com,https://dealspotr.com/promo-codes/wineexpress.com
https://minty.com/s/thoughtfully.com,Matched,thoughtfully.com,https://dealspotr.com/promo-codes/thoughtfully.com
https://minty.com/s/egohome.com,Matched,egohome.com,https://dealspotr.com/promo-codes/egohome.com
https://minty.com/s/getjoyfood.com,Matched,getjoyfood.com,https://dealspotr.com/promo-codes/getjoyfood.com
https://minty.com/s/love-scent.com,Matched,love-scent.com,https://dealspotr.com/promo-codes/love-scent.com
https://minty.com/s/greatergood.com,Matched,greatergood.com,https://dealspotr.com/promo-codes/greatergood.com
https://minty.com/s/gabrielny.com,Matched,gabrielny.com,https://dealspotr.com/promo-codes/gabrielny.com
https://minty.com/s/ashampoo.com,Not Matched,ashampoo.com,
https://minty.com/s/gymboree.com,Matched,gymboree.com,https://dealspotr.com/promo-codes/gymboree.com
https://minty.com/s/adagio.com,Matched,adagio.com,https://dealspotr.com/promo-codes/adagio.com
https://minty.com/s/blauerboardshop.com,Matched,blauerboardshop.com,https://dealspotr.com/promo-codes/blauerboardshop.com
https://minty.com/s/brandsmartusa.com,Matched,brandsmartusa.com,https://dealspotr.com/promo-codes/brandsmartusa.com
https://minty.com/s/autodesk.com,Matched,autodesk.com,https://dealspotr.com/promo-codes/autodesk.com
https://minty.com/s/nextdaycontacts.com,Matched,nextdaycontacts.com,https://dealspotr.com/promo-codes/nextdaycontacts.com
https://minty.com/s/hoka.com,Not Matched,hoka.com,
https://minty.com/s/famousfootwear.com,Matched,famousfootwear.com,https://dealspotr.com/promo-codes/famousfootwear.com
https://minty.com/s/nutrisystem.com,Matched,nutrisystem.com,https://dealspotr.com/promo-codes/nutrisystem.com
https://minty.com/s/popilush.com,Matched,popilush.com,https://dealspotr.com/promo-codes/popilush.com
https://minty.com/s/jewlr.com,Matched,jewlr.com,https://dealspotr.com/promo-codes/jewlr.com
https://minty.com/s/1800lighting.com,Matched,1800lighting.com,https://dealspotr.com/promo-codes/1800lighting.com
https://minty.com/s/attitudeliving.com,Matched,attitudeliving.com,https://dealspotr.com/promo-codes/attitudeliving.com
https://minty.com/s/puma.com,Not Matched,puma.com,
https://minty.com/s/vennskincare.com,Matched,vennskincare.com,https://dealspotr.com/promo-codes/vennskincare.com
https://minty.com/s/holabirdsports.com,Matched,holabirdsports.com,https://dealspotr.com/promo-codes/holabirdsports.com
https://minty.com/s/lucasgift.com,Matched,lucasgift.com,https://dealspotr.com/promo-codes/lucasgift.com
https://minty.com/s/beautyhouse.com.au,Matched,beautyhouse.com.au,https://dealspotr.com/promo-codes/beautyhouse.com.au
https://minty.com/s/mnml.la,Matched,mnml.la,https://dealspotr.com/promo-codes/mnml.la
https://minty.com/s/naturalizer.ca,Matched,naturalizer.ca,https://dealspotr.com/promo-codes/naturalizer.ca
https://minty.com/s/drschollsshoes.com,Matched,drschollsshoes.com,https://dealspotr.com/promo-codes/drschollsshoes.com
https://minty.com/s/halegroves.com,Matched,halegroves.com,https://dealspotr.com/promo-codes/halegroves.com
https://minty.com/s/colorfulimages.com,Matched,colorfulimages.com,https://dealspotr.com/promo-codes/colorfulimages.com
https://minty.com/s/zebragolf.com,Matched,zebragolf.com,https://dealspotr.com/promo-codes/zebragolf.com
https://minty.com/s/myserenitykids.com,Matched,myserenitykids.com,https://dealspotr.com/promo-codes/myserenitykids.com
https://minty.com/s/footjoy.com,Matched,footjoy.com,https://dealspotr.com/promo-codes/footjoy.com
https://minty.com/s/fleurdumal.com,Matched,fleurdumal.com,https://dealspotr.com/promo-codes/fleurdumal.com
https://minty.com/s/littlespoon.com,Matched,littlespoon.com,https://dealspotr.com/promo-codes/littlespoon.com
https://minty.com/s/shop.panasonic.com,Matched,shop.panasonic.com,https://dealspotr.com/promo-codes/shop.panasonic.com
https://minty.com/s/diameco.com,Matched,diameco.com,https://dealspotr.com/promo-codes/diameco.com
https://minty.com/s/osprey.com,Matched,osprey.com,https://dealspotr.com/promo-codes/osprey.com
https://minty.com/s/mariocapasa.com,Matched,mariocapasa.com,https://dealspotr.com/promo-codes/mariocapasa.com
https://minty.com/s/tilos.com,Matched,tilos.com,https://dealspotr.com/promo-codes/tilos.com
https://minty.com/s/itead.cc,Matched,itead.cc,https://dealspotr.com/promo-codes/itead.cc
https://minty.com/s/shortpar4.com,Matched,shortpar4.com,https://dealspotr.com/promo-codes/shortpar4.com
https://minty.com/s/stubhub.com,Matched,stubhub.com,https://dealspotr.com/promo-codes/stubhub.com
https://minty.com/s/workglovesdepot.com,Matched,workglovesdepot.com,https://dealspotr.com/promo-codes/workglovesdepot.com
https://minty.com/s/oxoxclub.com,Matched,oxoxclub.com,https://dealspotr.com/promo-codes/oxoxclub.com
https://minty.com/s/barnakl.com,Matched,barnakl.com,https://dealspotr.com/promo-codes/barnakl.com
https://minty.com/s/us.rebelstork.com,Matched,us.rebelstork.com,https://dealspotr.com/promo-codes/us.rebelstork.com
https://minty.com/s/goldenerre.com,Matched,goldenerre.com,https://dealspotr.com/promo-codes/goldenerre.com
https://minty.com/s/expedia.com,Matched,expedia.com,https://dealspotr.com/promo-codes/expedia.com
https://minty.com/s/biossance.com,Matched,biossance.com,https://dealspotr.com/promo-codes/biossance.com
https://minty.com/s/estore.wacom.com,Not Matched,estore.wacom.com,
https://minty.com/s/shopshowroom.com,Matched,shopshowroom.com,https://dealspotr.com/promo-codes/shopshowroom.com
https://minty.com/s/nomadoutdoor.com,Matched,nomadoutdoor.com,https://dealspotr.com/promo-codes/nomadoutdoor.com
https://minty.com/s/vitalityblueprint.com,Matched,vitalityblueprint.com,https://dealspotr.com/promo-codes/vitalityblueprint.com
https://minty.com/s/razoremporium.com,Matched,razoremporium.com,https://dealspotr.com/promo-codes/razoremporium.com
https://minty.com/s/thesak.com,Matched,thesak.com,https://dealspotr.com/promo-codes/thesak.com
https://minty.com/s/hotelcollection.com,Matched,hotelcollection.com,https://dealspotr.com/promo-codes/hotelcollection.com
https://minty.com/s/wish.com,Matched,wish.com,https://dealspotr.com/promo-codes/wish.com
https://minty.com/s/novilla.net,Matched,novilla.net,https://dealspotr.com/promo-codes/novilla.net
https://minty.com/s/farmandfleet.com,Matched,farmandfleet.com,https://dealspotr.com/promo-codes/farmandfleet.com
https://minty.com/s/nuts.com,Matched,nuts.com,https://dealspotr.com/promo-codes/nuts.com
https://minty.com/s/modlily.com,Matched,modlily.com,https://dealspotr.com/promo-codes/modlily.com
https://minty.com/s/laundrysauce.com,Matched,laundrysauce.com,https://dealspotr.com/promo-codes/laundrysauce.com
https://minty.com/s/biggerbooks.com,Matched,biggerbooks.com,https://dealspotr.com/promo-codes/biggerbooks.com
https://minty.com/s/ritani.com,Matched,ritani.com,https://dealspotr.com/promo-codes/ritani.com
https://minty.com/s/ayoa.com,Matched,ayoa.com,https://dealspotr.com/promo-codes/ayoa.com
https://minty.com/s/kitchenaid.com,Matched,kitchenaid.com,https://dealspotr.com/promo-codes/kitchenaid.com
https://minty.com/s/zinus.com,Matched,zinus.com,https://dealspotr.com/promo-codes/zinus.com
https://minty.com/s/opencare.com,Matched,opencare.com,https://dealspotr.com/promo-codes/opencare.com
https://minty.com/s/tousains.com,Matched,tousains.com,https://dealspotr.com/promo-codes/tousains.com
https://minty.com/s/vinceunfold.com,Matched,vinceunfold.com,https://dealspotr.com/promo-codes/vinceunfold.com
https://minty.com/s/crystaltravel.com,Not Matched,crystaltravel.com,
https://minty.com/s/fairwayandgreene.com,Matched,fairwayandgreene.com,https://dealspotr.com/promo-codes/fairwayandgreene.com
https://minty.com/s/goodyear.com,Matched,goodyear.com,https://dealspotr.com/promo-codes/goodyear.com
https://minty.com/s/belletire.com,Matched,belletire.com,https://dealspotr.com/promo-codes/belletire.com
https://minty.com/s/frame-store.com,Matched,frame-store.com,https://dealspotr.com/promo-codes/frame-store.com
https://minty.com/s/harney.com,Matched,harney.com,https://dealspotr.com/promo-codes/harney.com
https://minty.com/s/weightwatchers.com,Not Matched,weightwatchers.com,
https://minty.com/s/stilacosmetics.com,Matched,stilacosmetics.com,https://dealspotr.com/promo-codes/stilacosmetics.com
https://minty.com/s/linnerlife.com,Matched,linnerlife.com,https://dealspotr.com/promo-codes/linnerlife.com
https://minty.com/s/sheetsgiggles.com,Matched,sheetsgiggles.com,https://dealspotr.com/promo-codes/sheetsgiggles.com
https://minty.com/s/rvshare.com,Matched,rvshare.com,https://dealspotr.com/promo-codes/rvshare.com
https://minty.com/s/catricecosmetics.com,Matched,catricecosmetics.com,https://dealspotr.com/promo-codes/catricecosmetics.com
https://minty.com/s/57hours.com,Matched,57hours.com,https://dealspotr.com/promo-codes/57hours.com
https://minty.com/s/foreo.com,Matched,foreo.com,https://dealspotr.com/promo-codes/foreo.com
https://minty.com/s/biotrust.com,Matched,biotrust.com,https://dealspotr.com/promo-codes/biotrust.com
https://minty.com/s/district5boutique.com,Matched,district5boutique.com,https://dealspotr.com/promo-codes/district5boutique.com
https://minty.com/s/walkinlab.com,Matched,walkinlab.com,https://dealspotr.com/promo-codes/walkinlab.com
https://minty.com/s/eezysun.com,Matched,eezysun.com,https://dealspotr.com/promo-codes/eezysun.com
https://minty.com/s/dancewearsolutions.com,Matched,dancewearsolutions.com,https://dealspotr.com/promo-codes/dancewearsolutions.com
https://minty.com/s/ethelm.com,Matched,ethelm.com,https://dealspotr.com/promo-codes/ethelm.com
https://minty.com/s/thinkroyln.com,Matched,thinkroyln.com,https://dealspotr.com/promo-codes/thinkroyln.com
https://minty.com/s/beachwaver.com,Matched,beachwaver.com,https://dealspotr.com/promo-codes/beachwaver.com
https://minty.com/s/privatevpn.com,Matched,privatevpn.com,https://dealspotr.com/promo-codes/privatevpn.com
https://minty.com/s/nanohearingaids.com,Matched,nanohearingaids.com,https://dealspotr.com/promo-codes/nanohearingaids.com
https://minty.com/s/virginatlantic.com,Matched,virginatlantic.com,https://dealspotr.com/promo-codes/virginatlantic.com
https://minty.com/s/consuelastyle.com,Matched,consuelastyle.com,https://dealspotr.com/promo-codes/consuelastyle.com
https://minty.com/s/striderbikes.com,Matched,striderbikes.com,https://dealspotr.com/promo-codes/striderbikes.com
https://minty.com/s/prnvision.com,Matched,prnvision.com,https://dealspotr.com/promo-codes/prnvision.com
https://minty.com/s/combatflipflops.com,Matched,combatflipflops.com,https://dealspotr.com/promo-codes/combatflipflops.com
https://minty.com/s/tvstoreonline.com,Matched,tvstoreonline.com,https://dealspotr.com/promo-codes/tvstoreonline.com
https://minty.com/s/freshroastedcoffee.com,Matched,freshroastedcoffee.com,https://dealspotr.com/promo-codes/freshroastedcoffee.com
https://minty.com/s/garrettwade.com,Matched,garrettwade.com,https://dealspotr.com/promo-codes/garrettwade.com
https://minty.com/s/mariobadescu.com,Matched,mariobadescu.com,https://dealspotr.com/promo-codes/mariobadescu.com
https://minty.com/s/heatandcool.com,Matched,heatandcool.com,https://dealspotr.com/promo-codes/heatandcool.com
https://minty.com/s/ballfitting.com,Matched,ballfitting.com,https://dealspotr.com/promo-codes/ballfitting.com
https://minty.com/s/shop.samsonite.com,Matched,shop.samsonite.com,https://dealspotr.com/promo-codes/shop.samsonite.com
https://minty.com/s/rahua.com,Matched,rahua.com,https://dealspotr.com/promo-codes/rahua.com
https://minty.com/s/mioeco.com,Matched,mioeco.com,https://dealspotr.com/promo-codes/mioeco.com
https://minty.com/s/mineralfusion.com,Matched,mineralfusion.com,https://dealspotr.com/promo-codes/mineralfusion.com
https://minty.com/s/oliviaandpearl.com,Matched,oliviaandpearl.com,https://dealspotr.com/promo-codes/oliviaandpearl.com
https://minty.com/s/gorillawear.com,Matched,gorillawear.com,https://dealspotr.com/promo-codes/gorillawear.com
https://minty.com/s/udemy.com,Matched,udemy.com,https://dealspotr.com/promo-codes/udemy.com
https://minty.com/s/att.com,Matched,att.com,https://dealspotr.com/promo-codes/att.com
https://minty.com/s/aarp.org,Matched,aarp.org,https://dealspotr.com/promo-codes/aarp.org
https://minty.com/s/shelving.com,Matched,shelving.com,https://dealspotr.com/promo-codes/shelving.com
https://minty.com/s/maytag.com,Matched,maytag.com,https://dealspotr.com/promo-codes/maytag.com
https://minty.com/s/mitzi.com,Matched,mitzi.com,https://dealspotr.com/promo-codes/mitzi.com
https://minty.com/s/us.caudalie.com,Matched,us.caudalie.com,https://dealspotr.com/promo-codes/us.caudalie.com
https://minty.com/s/luxedecor.com,Matched,luxedecor.com,https://dealspotr.com/promo-codes/luxedecor.com
https://minty.com/s/owogame.com,Matched,owogame.com,https://dealspotr.com/promo-codes/owogame.com
https://minty.com/s/smartplayrooms.com,Not Matched,smartplayrooms.com,
https://minty.com/s/cordbrick.com,Matched,cordbrick.com,https://dealspotr.com/promo-codes/cordbrick.com
https://minty.com/s/cbdforlife.us,Matched,cbdforlife.us,https://dealspotr.com/promo-codes/cbdforlife.us
https://minty.com/s/lillianvernon.com,Matched,lillianvernon.com,https://dealspotr.com/promo-codes/lillianvernon.com
https://minty.com/s/vikingbeardgear.com,Matched,vikingbeardgear.com,https://dealspotr.com/promo-codes/vikingbeardgear.com
https://minty.com/s/trampolines.com,Matched,trampolines.com,https://dealspotr.com/promo-codes/trampolines.com
https://minty.com/s/bengal.com,Matched,bengal.com,https://dealspotr.com/promo-codes/bengal.com
https://minty.com/s/nixplay.com,Matched,nixplay.com,https://dealspotr.com/promo-codes/nixplay.com
https://minty.com/s/shanidarden.com,Matched,shanidarden.com,https://dealspotr.com/promo-codes/shanidarden.com
https://minty.com/s/auroratrainingadvantage.com,Matched,auroratrainingadvantage.com,https://dealspotr.com/promo-codes/auroratrainingadvantage.com
https://minty.com/s/smartbuyglasses.com,Matched,smartbuyglasses.com,https://dealspotr.com/promo-codes/smartbuyglasses.com
https://minty.com/s/vitalsource.com,Matched,vitalsource.com,https://dealspotr.com/promo-codes/vitalsource.com
https://minty.com/s/princetonreview.com,Matched,princetonreview.com,https://dealspotr.com/promo-codes/princetonreview.com
https://minty.com/s/aquatruwater.com,Matched,aquatruwater.com,https://dealspotr.com/promo-codes/aquatruwater.com
https://minty.com/s/kasper.com,Matched,kasper.com,https://dealspotr.com/promo-codes/kasper.com
https://minty.com/s/koa.com,Matched,koa.com,https://dealspotr.com/promo-codes/koa.com
https://minty.com/s/americanfighter.com,Matched,americanfighter.com,https://dealspotr.com/promo-codes/americanfighter.com
https://minty.com/s/latico.com,Not Matched,latico.com,
https://minty.com/s/audiobooks.com,Matched,audiobooks.com,https://dealspotr.com/promo-codes/audiobooks.com
https://minty.com/s/badassextensioncords.com,Matched,badassextensioncords.com,https://dealspotr.com/promo-codes/badassextensioncords.com
https://minty.com/s/dashingdiva.com,Matched,dashingdiva.com,https://dealspotr.com/promo-codes/dashingdiva.com
https://minty.com/s/omahasteaks.com,Matched,omahasteaks.com,https://dealspotr.com/promo-codes/omahasteaks.com
https://minty.com/s/koolay.com,Matched,koolay.com,https://dealspotr.com/promo-codes/koolay.com
https://minty.com/s/mauipickleballco.com,Matched,mauipickleballco.com,https://dealspotr.com/promo-codes/mauipickleballco.com
https://minty.com/s/kushqueen.shop,Matched,kushqueen.shop,https://dealspotr.com/promo-codes/kushqueen.shop
https://minty.com/s/310nutrition.com,Matched,310nutrition.com,https://dealspotr.com/promo-codes/310nutrition.com
https://minty.com/s/lifestride.com,Matched,lifestride.com,https://dealspotr.com/promo-codes/lifestride.com
https://minty.com/s/discountdance.com,Matched,discountdance.com,https://dealspotr.com/promo-codes/discountdance.com
https://minty.com/s/ecovacs.com,Not Matched,ecovacs.com,
https://minty.com/s/us.babor.com,Matched,us.babor.com,https://dealspotr.com/promo-codes/us.babor.com
https://minty.com/s/jlobeauty.com,Matched,jlobeauty.com,https://dealspotr.com/promo-codes/jlobeauty.com
https://minty.com/s/filterbuy.com,Matched,filterbuy.com,https://dealspotr.com/promo-codes/filterbuy.com
https://minty.com/s/grownsy.com,Matched,grownsy.com,https://dealspotr.com/promo-codes/grownsy.com
https://minty.com/s/glimmergoddess.com,Matched,glimmergoddess.com,https://dealspotr.com/promo-codes/glimmergoddess.com
https://minty.com/s/lorenacanals.us,Matched,lorenacanals.us,https://dealspotr.com/promo-codes/lorenacanals.us
https://minty.com/s/helmandoar.com,Matched,helmandoar.com,https://dealspotr.com/promo-codes/helmandoar.com
https://minty.com/s/factory.lilysilk.com,Matched,factory.lilysilk.com,https://dealspotr.com/promo-codes/factory.lilysilk.com
https://minty.com/s/aliexpress.com,Matched,aliexpress.com,https://dealspotr.com/promo-codes/aliexpress.com
https://minty.com/s/mountainhardwear.com,Matched,mountainhardwear.com,https://dealspotr.com/promo-codes/mountainhardwear.com
https://minty.com/s/depositphotos.com,Matched,depositphotos.com,https://dealspotr.com/promo-codes/depositphotos.com
https://minty.com/s/moussy-global.com,Matched,moussy-global.com,https://dealspotr.com/promo-codes/moussy-global.com
https://minty.com/s/sea-doo.brp.com,Not Matched,sea-doo.brp.com,
https://minty.com/s/hanes.com,Matched,hanes.com,https://dealspotr.com/promo-codes/hanes.com
https://minty.com/s/oxo.com,Matched,oxo.com,https://dealspotr.com/promo-codes/oxo.com
https://minty.com/s/yarden.com,Matched,yarden.com,https://dealspotr.com/promo-codes/yarden.com
https://minty.com/s/lugless.com,Matched,lugless.com,https://dealspotr.com/promo-codes/lugless.com
https://minty.com/s/powerstations.duracell.com,Matched,powerstations.duracell.com,https://dealspotr.com/promo-codes/powerstations.duracell.com
https://minty.com/s/manlabs.com,Matched,manlabs.com,https://dealspotr.com/promo-codes/manlabs.com
https://minty.com/s/rebag.com,Matched,rebag.com,https://dealspotr.com/promo-codes/rebag.com
https://minty.com/s/reibii.com,Matched,reibii.com,https://dealspotr.com/promo-codes/reibii.com
https://minty.com/s/discovernight.com,Matched,discovernight.com,https://dealspotr.com/promo-codes/discovernight.com
https://minty.com/s/superiorcare.pet,Matched,superiorcare.pet,https://dealspotr.com/promo-codes/superiorcare.pet
https://minty.com/s/suppliesoutlet.com,Matched,suppliesoutlet.com,https://dealspotr.com/promo-codes/suppliesoutlet.com
https://minty.com/s/bloomstoday.com,Matched,bloomstoday.com,https://dealspotr.com/promo-codes/bloomstoday.com
https://minty.com/s/francosarto.com,Matched,francosarto.com,https://dealspotr.com/promo-codes/francosarto.com
https://minty.com/s/sylvane.com,Matched,sylvane.com,https://dealspotr.com/promo-codes/sylvane.com
https://minty.com/s/versadesk.com,Matched,versadesk.com,https://dealspotr.com/promo-codes/versadesk.com
https://minty.com/s/dukecannon.com,Matched,dukecannon.com,https://dealspotr.com/promo-codes/dukecannon.com
https://minty.com/s/bloomingdales.com,Matched,bloomingdales.com,https://dealspotr.com/promo-codes/bloomingdales.com
https://minty.com/s/hernest.com,Matched,hernest.com,https://dealspotr.com/promo-codes/hernest.com
https://minty.com/s/brookhollowcards.com,Matched,brookhollowcards.com,https://dealspotr.com/promo-codes/brookhollowcards.com
https://minty.com/s/happyhead.com,Matched,happyhead.com,https://dealspotr.com/promo-codes/happyhead.com
https://minty.com/s/katsbotanicals.com,Matched,katsbotanicals.com,https://dealspotr.com/promo-codes/katsbotanicals.com
https://minty.com/s/pjsalvage.com,Matched,pjsalvage.com,https://dealspotr.com/promo-codes/pjsalvage.com
https://minty.com/s/youmail.com,Matched,youmail.com,https://dealspotr.com/promo-codes/youmail.com
https://minty.com/s/wateranywhere.com,Matched,wateranywhere.com,https://dealspotr.com/promo-codes/wateranywhere.com
https://minty.com/s/petwellnessdirect.com,Matched,petwellnessdirect.com,https://dealspotr.com/promo-codes/petwellnessdirect.com
https://minty.com/s/mancrates.com,Matched,mancrates.com,https://dealspotr.com/promo-codes/mancrates.com
https://minty.com/s/dermaflash.com,Matched,dermaflash.com,https://dealspotr.com/promo-codes/dermaflash.com
https://minty.com/s/olalily.com,Matched,olalily.com,https://dealspotr.com/promo-codes/olalily.com
https://minty.com/s/karenkane.com,Matched,karenkane.com,https://dealspotr.com/promo-codes/karenkane.com
https://minty.com/s/e-firstaidsupplies.com,Matched,e-firstaidsupplies.com,https://dealspotr.com/promo-codes/e-firstaidsupplies.com
https://minty.com/s/wiskiiactive.com,Matched,wiskiiactive.com,https://dealspotr.com/promo-codes/wiskiiactive.com
https://minty.com/s/noblepanacea.com,Not Matched,noblepanacea.com,
https://minty.com/s/shop.entertainment.com,Not Matched,shop.entertainment.com,
https://minty.com/s/heltstudio.com,Matched,heltstudio.com,https://dealspotr.com/promo-codes/heltstudio.com
https://minty.com/s/groovzaudio.com,Matched,groovzaudio.com,https://dealspotr.com/promo-codes/groovzaudio.com
https://minty.com/s/midinmod.com,Matched,midinmod.com,https://dealspotr.com/promo-codes/midinmod.com
https://minty.com/s/bob-ore.com,Matched,bob-ore.com,https://dealspotr.com/promo-codes/bob-ore.com
https://minty.com/s/picturesongold.com,Matched,picturesongold.com,https://dealspotr.com/promo-codes/picturesongold.com
https://minty.com/s/rescuemd.com,Matched,rescuemd.com,https://dealspotr.com/promo-codes/rescuemd.com
https://minty.com/s/displate.com,Matched,displate.com,https://dealspotr.com/promo-codes/displate.com
https://minty.com/s/fedex.com,Not Matched,fedex.com,
https://minty.com/s/refrigiwear.com,Matched,refrigiwear.com,https://dealspotr.com/promo-codes/refrigiwear.com
https://minty.com/s/tyentusa.com,Matched,tyentusa.com,https://dealspotr.com/promo-codes/tyentusa.com
https://minty.com/s/journeecollection.com,Matched,journeecollection.com,https://dealspotr.com/promo-codes/journeecollection.com
https://minty.com/s/remodelyourhome.net,Matched,remodelyourhome.net,https://dealspotr.com/promo-codes/remodelyourhome.net
https://minty.com/s/7thavenue.co,Matched,7thavenue.co,https://dealspotr.com/promo-codes/7thavenue.co
https://minty.com/s/myrocky.ca,Matched,myrocky.ca,https://dealspotr.com/promo-codes/myrocky.ca
https://minty.com/s/boatpassclub.com,Matched,boatpassclub.com,https://dealspotr.com/promo-codes/boatpassclub.com
https://minty.com/s/onlynaturalpet.com,Matched,onlynaturalpet.com,https://dealspotr.com/promo-codes/onlynaturalpet.com
https://minty.com/s/anodyneshoes.com,Matched,anodyneshoes.com,https://dealspotr.com/promo-codes/anodyneshoes.com
https://minty.com/s/oklahomajoes.com,Matched,oklahomajoes.com,https://dealspotr.com/promo-codes/oklahomajoes.com
https://minty.com/s/t-mobile.com,Matched,t-mobile.com,https://dealspotr.com/promo-codes/t-mobile.com
https://minty.com/s/vital-spring.com,Matched,vital-spring.com,https://dealspotr.com/promo-codes/vital-spring.com
https://minty.com/s/zivo.life,Matched,zivo.life,https://dealspotr.com/promo-codes/zivo.life
https://minty.com/s/brewers.co.uk,Matched,brewers.co.uk,https://dealspotr.com/promo-codes/brewers.co.uk
https://minty.com/s/balibras.com,Matched,balibras.com,https://dealspotr.com/promo-codes/balibras.com
https://minty.com/s/florists.com,Matched,florists.com,https://dealspotr.com/promo-codes/florists.com
https://minty.com/s/playgroundsessions.com,Matched,playgroundsessions.com,https://dealspotr.com/promo-codes/playgroundsessions.com
https://minty.com/s/us.aktlondon.com,Matched,us.aktlondon.com,https://dealspotr.com/promo-codes/us.aktlondon.com
https://minty.com/s/posheera.com,Matched,posheera.com,https://dealspotr.com/promo-codes/posheera.com
https://minty.com/s/studentuniverse.com,Matched,studentuniverse.com,https://dealspotr.com/promo-codes/studentuniverse.com
https://minty.com/s/paulaschoice.com,Matched,paulaschoice.com,https://dealspotr.com/promo-codes/paulaschoice.com
https://minty.com/s/flexibits.com,Matched,flexibits.com,https://dealspotr.com/promo-codes/flexibits.com
https://minty.com/s/azunafresh.com,Matched,azunafresh.com,https://dealspotr.com/promo-codes/azunafresh.com
https://minty.com/s/allposters.com,Matched,allposters.com,https://dealspotr.com/promo-codes/allposters.com
https://minty.com/s/pawsync.com,Matched,pawsync.com,https://dealspotr.com/promo-codes/pawsync.com
https://minty.com/s/modaoperandi.com,Matched,modaoperandi.com,https://dealspotr.com/promo-codes/modaoperandi.com
https://minty.com/s/xchair.com,Matched,xchair.com,https://dealspotr.com/promo-codes/xchair.com
https://minty.com/s/silvercuisine.com,Matched,silvercuisine.com,https://dealspotr.com/promo-codes/silvercuisine.com
https://minty.com/s/cpooutlets.com,Matched,cpooutlets.com,https://dealspotr.com/promo-codes/cpooutlets.com
https://minty.com/s/floraqueen.com,Matched,floraqueen.com,https://dealspotr.com/promo-codes/floraqueen.com
https://minty.com/s/primos.com,Matched,primos.com,https://dealspotr.com/promo-codes/primos.com
https://minty.com/s/booksamillion.com,Matched,booksamillion.com,https://dealspotr.com/promo-codes/booksamillion.com
https://minty.com/s/rhinousainc.com,Matched,rhinousainc.com,https://dealspotr.com/promo-codes/rhinousainc.com
https://minty.com/s/tirebuyer.com,Matched,tirebuyer.com,https://dealspotr.com/promo-codes/tirebuyer.com
https://minty.com/s/batteriesplus.com,Matched,batteriesplus.com,https://dealspotr.com/promo-codes/batteriesplus.com
https://minty.com/s/airfiltersdelivered.com,Matched,airfiltersdelivered.com,https://dealspotr.com/promo-codes/airfiltersdelivered.com
https://minty.com/s/m-clip.com,Matched,m-clip.com,https://dealspotr.com/promo-codes/m-clip.com
https://minty.com/s/theprisonerwinecompany.com,Matched,theprisonerwinecompany.com,https://dealspotr.com/promo-codes/theprisonerwinecompany.com
https://minty.com/s/montana-west.com,Matched,montana-west.com,https://dealspotr.com/promo-codes/montana-west.com
https://minty.com/s/victrola.com,Matched,victrola.com,https://dealspotr.com/promo-codes/victrola.com
https://minty.com/s/ravesports.com,Matched,ravesports.com,https://dealspotr.com/promo-codes/ravesports.com
https://minty.com/s/milkshakehair.com,Matched,milkshakehair.com,https://dealspotr.com/promo-codes/milkshakehair.com
https://minty.com/s/currex.com,Matched,currex.com,https://dealspotr.com/promo-codes/currex.com
https://minty.com/s/varsitybase.com,Matched,varsitybase.com,https://dealspotr.com/promo-codes/varsitybase.com
https://minty.com/s/orgain.com,Matched,orgain.com,https://dealspotr.com/promo-codes/orgain.com
https://minty.com/s/samsung.com,Matched,samsung.com,https://dealspotr.com/promo-codes/samsung.com
https://minty.com/s/wjdexclusives.com,Matched,wjdexclusives.com,https://dealspotr.com/promo-codes/wjdexclusives.com
https://minty.com/s/foodsaver.com,Matched,foodsaver.com,https://dealspotr.com/promo-codes/foodsaver.com
https://minty.com/s/daytimer.com,Matched,daytimer.com,https://dealspotr.com/promo-codes/daytimer.com
https://minty.com/s/jaguarpc.com,Matched,jaguarpc.com,https://dealspotr.com/promo-codes/jaguarpc.com
https://minty.com/s/tanga.com,Matched,tanga.com,https://dealspotr.com/promo-codes/tanga.com
https://minty.com/s/benchmasterusa.com,Matched,benchmasterusa.com,https://dealspotr.com/promo-codes/benchmasterusa.com
https://minty.com/s/cloudlearn.co.uk,Matched,cloudlearn.co.uk,https://dealspotr.com/promo-codes/cloudlearn.co.uk
https://minty.com/s/neuetheory.com,Matched,neuetheory.com,https://dealspotr.com/promo-codes/neuetheory.com
https://minty.com/s/misfitsmarket.com,Matched,misfitsmarket.com,https://dealspotr.com/promo-codes/misfitsmarket.com
https://minty.com/s/bestbuy.com,Matched,bestbuy.com,https://dealspotr.com/promo-codes/bestbuy.com
https://minty.com/s/menswearhouse.com,Matched,menswearhouse.com,https://dealspotr.com/promo-codes/menswearhouse.com
https://minty.com/s/metagenics.com,Matched,metagenics.com,https://dealspotr.com/promo-codes/metagenics.com
https://minty.com/s/simoneismith.com,Matched,simoneismith.com,https://dealspotr.com/promo-codes/simoneismith.com
https://minty.com/s/throwbacktraits.com,Matched,throwbacktraits.com,https://dealspotr.com/promo-codes/throwbacktraits.com
https://minty.com/s/diggs.pet,Matched,diggs.pet,https://dealspotr.com/promo-codes/diggs.pet
https://minty.com/s/greenworkstools.com,Matched,greenworkstools.com,https://dealspotr.com/promo-codes/greenworkstools.com
https://minty.com/s/clipp.com,Not Matched,clipp.com,
https://minty.com/s/carbonite.com,Matched,carbonite.com,https://dealspotr.com/promo-codes/carbonite.com
https://minty.com/s/behno.com,Matched,behno.com,https://dealspotr.com/promo-codes/behno.com
https://minty.com/s/hertz.com,Matched,hertz.com,https://dealspotr.com/promo-codes/hertz.com
https://minty.com/s/consumercellular.com,Matched,consumercellular.com,https://dealspotr.com/promo-codes/consumercellular.com
https://minty.com/s/costway.com,Matched,costway.com,https://dealspotr.com/promo-codes/costway.com
https://minty.com/s/power-systems.com,Matched,power-systems.com,https://dealspotr.com/promo-codes/power-systems.com
https://minty.com/s/roofing4us.com,Matched,roofing4us.com,https://dealspotr.com/promo-codes/roofing4us.com
https://minty.com/s/elfcosmetics.com,Matched,elfcosmetics.com,https://dealspotr.com/promo-codes/elfcosmetics.com
https://minty.com/s/shutterfly.com,Matched,shutterfly.com,https://dealspotr.com/promo-codes/shutterfly.com
https://minty.com/s/fitnessfactory.com,Matched,fitnessfactory.com,https://dealspotr.com/promo-codes/fitnessfactory.com
https://minty.com/s/stellarinfo.com,Matched,stellarinfo.com,https://dealspotr.com/promo-codes/stellarinfo.com
https://minty.com/s/duffieldlane.com,Matched,duffieldlane.com,https://dealspotr.com/promo-codes/duffieldlane.com
https://minty.com/s/lenzcharging.com,Matched,lenzcharging.com,https://dealspotr.com/promo-codes/lenzcharging.com
https://minty.com/s/wickedweasel.com,Not Matched,wickedweasel.com,
https://minty.com/s/momomi.world,Matched,momomi.world,https://dealspotr.com/promo-codes/momomi.world
https://minty.com/s/ulanzi.com,Matched,ulanzi.com,https://dealspotr.com/promo-codes/ulanzi.com
https://minty.com/s/springstepshoes.com,Matched,springstepshoes.com,https://dealspotr.com/promo-codes/springstepshoes.com
https://minty.com/s/scott-sports.com,Matched,scott-sports.com,https://dealspotr.com/promo-codes/scott-sports.com
https://minty.com/s/berries.com,Matched,berries.com,https://dealspotr.com/promo-codes/berries.com
https://minty.com/s/unclebudshemp.com,Matched,unclebudshemp.com,https://dealspotr.com/promo-codes/unclebudshemp.com
https://minty.com/s/mrkeyshop.com,Not Matched,mrkeyshop.com,
https://minty.com/s/whitemountainpuzzles.com,Matched,whitemountainpuzzles.com,https://dealspotr.com/promo-codes/whitemountainpuzzles.com
https://minty.com/s/cloudfield.co,Matched,cloudfield.co,https://dealspotr.com/promo-codes/cloudfield.co
https://minty.com/s/shopjura.com,Matched,shopjura.com,https://dealspotr.com/promo-codes/shopjura.com
https://minty.com/s/dainelylab.com,Matched,dainelylab.com,https://dealspotr.com/promo-codes/dainelylab.com
https://minty.com/s/nexxtideas.com,Matched,nexxtideas.com,https://dealspotr.com/promo-codes/nexxtideas.com
https://minty.com/s/bioptimizers.com,Matched,bioptimizers.com,https://dealspotr.com/promo-codes/bioptimizers.com
https://minty.com/s/fun.com,Matched,fun.com,https://dealspotr.com/promo-codes/fun.com
https://minty.com/s/thinkingslimmer.com,Matched,thinkingslimmer.com,https://dealspotr.com/promo-codes/thinkingslimmer.com
https://minty.com/s/insulation4us.com,Matched,insulation4us.com,https://dealspotr.com/promo-codes/insulation4us.com
https://minty.com/s/us.beau-domaine.com,Matched,us.beau-domaine.com,https://dealspotr.com/promo-codes/us.beau-domaine.com
https://minty.com/s/entirelypets.com,Matched,entirelypets.com,https://dealspotr.com/promo-codes/entirelypets.com
https://minty.com/s/hotels.com,Matched,hotels.com,https://dealspotr.com/promo-codes/hotels.com
https://minty.com/s/getsunmed.com,Matched,getsunmed.com,https://dealspotr.com/promo-codes/getsunmed.com
https://minty.com/s/jny.com,Matched,jny.com,https://dealspotr.com/promo-codes/jny.com
https://minty.com/s/mosaicweightedblankets.com,Matched,mosaicweightedblankets.com,https://dealspotr.com/promo-codes/mosaicweightedblankets.com
https://minty.com/s/topcoatproducts.com,Matched,topcoatproducts.com,https://dealspotr.com/promo-codes/topcoatproducts.com
https://minty.com/s/lugz.com,Matched,lugz.com,https://dealspotr.com/promo-codes/lugz.com
https://minty.com/s/apos.audio,Matched,apos.audio,https://dealspotr.com/promo-codes/apos.audio
https://minty.com/s/hobibear.com,Matched,hobibear.com,https://dealspotr.com/promo-codes/hobibear.com
https://minty.com/s/classpop.com,Matched,classpop.com,https://dealspotr.com/promo-codes/classpop.com
https://minty.com/s/ledgeloungers.com,Matched,ledgeloungers.com,https://dealspotr.com/promo-codes/ledgeloungers.com
https://minty.com/s/curology.com,Matched,curology.com,https://dealspotr.com/promo-codes/curology.com
https://minty.com/s/stokke.com,Not Matched,stokke.com,
https://minty.com/s/jdsports.com,Matched,jdsports.com,https://dealspotr.com/promo-codes/jdsports.com
https://minty.com/s/nectarcollector.com,Matched,nectarcollector.com,https://dealspotr.com/promo-codes/nectarcollector.com
https://minty.com/s/fleetfeet.com,Matched,fleetfeet.com,https://dealspotr.com/promo-codes/fleetfeet.com
https://minty.com/s/walmart.com,Matched,walmart.com,https://dealspotr.com/promo-codes/walmart.com
https://minty.com/s/mattresswarehouse.com,Matched,mattresswarehouse.com,https://dealspotr.com/promo-codes/mattresswarehouse.com
https://minty.com/s/ancientnutrition.com,Matched,ancientnutrition.com,https://dealspotr.com/promo-codes/ancientnutrition.com
https://minty.com/s/reservations.arestravel.com,Matched,reservations.arestravel.com,https://dealspotr.com/promo-codes/reservations.arestravel.com
https://minty.com/s/choppermill.com,Matched,choppermill.com,https://dealspotr.com/promo-codes/choppermill.com
https://minty.com/s/tepeusa.com,Matched,tepeusa.com,https://dealspotr.com/promo-codes/tepeusa.com
https://minty.com/s/flowershopping.com,Matched,flowershopping.com,https://dealspotr.com/promo-codes/flowershopping.com
https://minty.com/s/noyz.com,Matched,noyz.com,https://dealspotr.com/promo-codes/noyz.com
https://minty.com/s/charbroil.com,Matched,charbroil.com,https://dealspotr.com/promo-codes/charbroil.com
https://minty.com/s/hrblock.com,Matched,hrblock.com,https://dealspotr.com/promo-codes/hrblock.com
https://minty.com/s/cubtale.com,Matched,cubtale.com,https://dealspotr.com/promo-codes/cubtale.com
https://minty.com/s/snorkel-mart.com,Matched,snorkel-mart.com,https://dealspotr.com/promo-codes/snorkel-mart.com
https://minty.com/s/eltamd.com,Matched,eltamd.com,https://dealspotr.com/promo-codes/eltamd.com
https://minty.com/s/goodchop.com,Matched,goodchop.com,https://dealspotr.com/promo-codes/goodchop.com
https://minty.com/s/ignatius.com,Matched,ignatius.com,https://dealspotr.com/promo-codes/ignatius.com
https://minty.com/s/patchology.com,Matched,patchology.com,https://dealspotr.com/promo-codes/patchology.com
https://minty.com/s/songmics.com,Matched,songmics.com,https://dealspotr.com/promo-codes/songmics.com
https://minty.com/s/redroof.com,Matched,redroof.com,https://dealspotr.com/promo-codes/redroof.com
https://minty.com/s/citypass.com,Matched,citypass.com,https://dealspotr.com/promo-codes/citypass.com
https://minty.com/s/motorola.com,Not Matched,motorola.com,
https://minty.com/s/masterdynamic.com,Matched,masterdynamic.com,https://dealspotr.com/promo-codes/masterdynamic.com
https://minty.com/s/purovitalis.com,Matched,purovitalis.com,https://dealspotr.com/promo-codes/purovitalis.com
https://minty.com/s/luminara.com,Matched,luminara.com,https://dealspotr.com/promo-codes/luminara.com
https://minty.com/s/us.dryrobe.com,Matched,us.dryrobe.com,https://dealspotr.com/promo-codes/us.dryrobe.com
https://minty.com/s/strongcell.com,Matched,strongcell.com,https://dealspotr.com/promo-codes/strongcell.com
https://minty.com/s/grownalchemist.com,Matched,grownalchemist.com,https://dealspotr.com/promo-codes/grownalchemist.com
https://minty.com/s/perfumania.com,Matched,perfumania.com,https://dealspotr.com/promo-codes/perfumania.com
https://minty.com/s/gabrielahearst.com,Matched,gabrielahearst.com,https://dealspotr.com/promo-codes/gabrielahearst.com
https://minty.com/s/purple-brand.com,Matched,purple-brand.com,https://dealspotr.com/promo-codes/purple-brand.com
https://minty.com/s/ottocast.com,Matched,ottocast.com,https://dealspotr.com/promo-codes/ottocast.com
https://minty.com/s/magzter.com,Matched,magzter.com,https://dealspotr.com/promo-codes/magzter.com
https://minty.com/s/us.venchi.com,Matched,us.venchi.com,https://dealspotr.com/promo-codes/us.venchi.com
https://minty.com/s/patchmd.com,Matched,patchmd.com,https://dealspotr.com/promo-codes/patchmd.com
https://minty.com/s/whatwaist.com,Matched,whatwaist.com,https://dealspotr.com/promo-codes/whatwaist.com
https://minty.com/s/tommyjohn.com,Matched,tommyjohn.com,https://dealspotr.com/promo-codes/tommyjohn.com
https://minty.com/s/25home.com,Matched,25home.com,https://dealspotr.com/promo-codes/25home.com
https://minty.com/s/amana.com,Matched,amana.com,https://dealspotr.com/promo-codes/amana.com
https://minty.com/s/brochuwalker.com,Matched,brochuwalker.com,https://dealspotr.com/promo-codes/brochuwalker.com
https://minty.com/s/ravpower.com,Matched,ravpower.com,https://dealspotr.com/promo-codes/ravpower.com
https://minty.com/s/livebearded.com,Matched,livebearded.com,https://dealspotr.com/promo-codes/livebearded.com
https://minty.com/s/snorelessnow.com,Matched,snorelessnow.com,https://dealspotr.com/promo-codes/snorelessnow.com
https://minty.com/s/gallerycollection.com,Matched,gallerycollection.com,https://dealspotr.com/promo-codes/gallerycollection.com
https://minty.com/s/olay.com,Matched,olay.com,https://dealspotr.com/promo-codes/olay.com
https://minty.com/s/tungstenautomation.com,Matched,tungstenautomation.com,https://dealspotr.com/promo-codes/tungstenautomation.com
https://minty.com/s/eventticketscenter.com,Matched,eventticketscenter.com,https://dealspotr.com/promo-codes/eventticketscenter.com
https://minty.com/s/sunnamusk.com,Matched,sunnamusk.com,https://dealspotr.com/promo-codes/sunnamusk.com
https://minty.com/s/sundazerays.com,Matched,sundazerays.com,https://dealspotr.com/promo-codes/sundazerays.com
https://minty.com/s/goldclubdirect.com,Matched,goldclubdirect.com,https://dealspotr.com/promo-codes/goldclubdirect.com
https://minty.com/s/caminyc.com,Matched,caminyc.com,https://dealspotr.com/promo-codes/caminyc.com
https://minty.com/s/husqvarna.com,Matched,husqvarna.com,https://dealspotr.com/promo-codes/husqvarna.com
https://minty.com/s/greenmachineusa.com,Matched,greenmachineusa.com,https://dealspotr.com/promo-codes/greenmachineusa.com
https://minty.com/s/pittmandavis.com,Matched,pittmandavis.com,https://dealspotr.com/promo-codes/pittmandavis.com
https://minty.com/s/bareorganics.com,Matched,bareorganics.com,https://dealspotr.com/promo-codes/bareorganics.com
https://minty.com/s/fast-growing-trees.com,Matched,fast-growing-trees.com,https://dealspotr.com/promo-codes/fast-growing-trees.com
https://minty.com/s/etax.com,Matched,etax.com,https://dealspotr.com/promo-codes/etax.com
https://minty.com/s/offthegridsurplus.com,Matched,offthegridsurplus.com,https://dealspotr.com/promo-codes/offthegridsurplus.com
https://minty.com/s/dnavibe.com,Matched,dnavibe.com,https://dealspotr.com/promo-codes/dnavibe.com
https://minty.com/s/stacyadams.com,Not Matched,stacyadams.com,
https://minty.com/s/powerstep.com,Matched,powerstep.com,https://dealspotr.com/promo-codes/powerstep.com
https://minty.com/s/hp.com,Not Matched,hp.com,
https://minty.com/s/buffalogames.com,Matched,buffalogames.com,https://dealspotr.com/promo-codes/buffalogames.com
https://minty.com/s/bybenson.com,Matched,bybenson.com,https://dealspotr.com/promo-codes/bybenson.com
https://minty.com/s/couturecandy.com,Matched,couturecandy.com,https://dealspotr.com/promo-codes/couturecandy.com
https://minty.com/s/thursosurf.com,Matched,thursosurf.com,https://dealspotr.com/promo-codes/thursosurf.com
https://minty.com/s/lovesac.com,Matched,lovesac.com,https://dealspotr.com/promo-codes/lovesac.com
https://minty.com/s/fanatical.com,Matched,fanatical.com,https://dealspotr.com/promo-codes/fanatical.com
https://minty.com/s/angelbliss.us,Matched,angelbliss.us,https://dealspotr.com/promo-codes/angelbliss.us
https://minty.com/s/ancheer.shop,Matched,ancheer.shop,https://dealspotr.com/promo-codes/ancheer.shop
https://minty.com/s/affinitycellular.com,Matched,affinitycellular.com,https://dealspotr.com/promo-codes/affinitycellular.com
https://minty.com/s/hairdousa.com,Matched,hairdousa.com,https://dealspotr.com/promo-codes/hairdousa.com
https://minty.com/s/korres.com,Matched,korres.com,https://dealspotr.com/promo-codes/korres.com
https://minty.com/s/animalpak.com,Matched,animalpak.com,https://dealspotr.com/promo-codes/animalpak.com
https://minty.com/s/thumbtack.com,Matched,thumbtack.com,https://dealspotr.com/promo-codes/thumbtack.com
https://minty.com/s/abt.com,Matched,abt.com,https://dealspotr.com/promo-codes/abt.com
https://minty.com/s/ivyrx.com,Matched,ivyrx.com,https://dealspotr.com/promo-codes/ivyrx.com
https://minty.com/s/reencle.co,Matched,reencle.co,https://dealspotr.com/promo-codes/reencle.co
https://minty.com/s/amazon.com,Matched,amazon.com,https://dealspotr.com/promo-codes/amazon.com
https://minty.com/s/eimmie.com,Matched,eimmie.com,https://dealspotr.com/promo-codes/eimmie.com
https://minty.com/s/gantri.com,Matched,gantri.com,https://dealspotr.com/promo-codes/gantri.com
https://minty.com/s/flexjobs.com,Matched,flexjobs.com,https://dealspotr.com/promo-codes/flexjobs.com
https://minty.com/s/upside.com,Matched,upside.com,https://dealspotr.com/promo-codes/upside.com
https://minty.com/s/eztaxreturn.com,Matched,eztaxreturn.com,https://dealspotr.com/promo-codes/eztaxreturn.com
https://minty.com/s/spotandtango.com,Matched,spotandtango.com,https://dealspotr.com/promo-codes/spotandtango.com
https://minty.com/s/shopsonix.com,Matched,shopsonix.com,https://dealspotr.com/promo-codes/shopsonix.com
https://minty.com/s/culpritunderwear.com,Matched,culpritunderwear.com,https://dealspotr.com/promo-codes/culpritunderwear.com
https://minty.com/s/unique-vintage.com,Not Matched,unique-vintage.com,
https://minty.com/s/franksskeetersticks.com,Matched,franksskeetersticks.com,https://dealspotr.com/promo-codes/franksskeetersticks.com
https://minty.com/s/mywoof.com,Matched,mywoof.com,https://dealspotr.com/promo-codes/mywoof.com
https://minty.com/s/traditionalmedicinals.com,Matched,traditionalmedicinals.com,https://dealspotr.com/promo-codes/traditionalmedicinals.com
https://minty.com/s/whoiselijah.us,Matched,whoiselijah.us,https://dealspotr.com/promo-codes/whoiselijah.us
https://minty.com/s/greenpan.us,Matched,greenpan.us,https://dealspotr.com/promo-codes/greenpan.us
https://minty.com/s/trainingthestreet.com,Matched,trainingthestreet.com,https://dealspotr.com/promo-codes/trainingthestreet.com
https://minty.com/s/sharperimage.com,Matched,sharperimage.com,https://dealspotr.com/promo-codes/sharperimage.com
https://minty.com/s/shipstation.com,Matched,shipstation.com,https://dealspotr.com/promo-codes/shipstation.com
https://minty.com/s/naturalizer.com,Matched,naturalizer.com,https://dealspotr.com/promo-codes/naturalizer.com
https://minty.com/s/orbitz.com,Matched,orbitz.com,https://dealspotr.com/promo-codes/orbitz.com
https://minty.com/s/nililotan.com,Matched,nililotan.com,https://dealspotr.com/promo-codes/nililotan.com
https://minty.com/s/hellobello.com,Matched,hellobello.com,https://dealspotr.com/promo-codes/hellobello.com
https://minty.com/s/pishposhbaby.com,Matched,pishposhbaby.com,https://dealspotr.com/promo-codes/pishposhbaby.com
https://minty.com/s/palmettostatearmory.com,Matched,palmettostatearmory.com,https://dealspotr.com/promo-codes/palmettostatearmory.com
https://minty.com/s/primallypure.com,Matched,primallypure.com,https://dealspotr.com/promo-codes/primallypure.com
https://minty.com/s/edensherbals.com,Matched,edensherbals.com,https://dealspotr.com/promo-codes/edensherbals.com
https://minty.com/s/ulta.com,Matched,ulta.com,https://dealspotr.com/promo-codes/ulta.com
https://minty.com/s/happsy.com,Matched,happsy.com,https://dealspotr.com/promo-codes/happsy.com
https://minty.com/s/keyssoulcare.com,Matched,keyssoulcare.com,https://dealspotr.com/promo-codes/keyssoulcare.com
https://minty.com/s/ahava.com,Matched,ahava.com,https://dealspotr.com/promo-codes/ahava.com
https://minty.com/s/kelbyone.com,Matched,kelbyone.com,https://dealspotr.com/promo-codes/kelbyone.com
https://minty.com/s/cabeau.com,Matched,cabeau.com,https://dealspotr.com/promo-codes/cabeau.com
https://minty.com/s/cyclingfrog.com,Matched,cyclingfrog.com,https://dealspotr.com/promo-codes/cyclingfrog.com
https://minty.com/s/mms.com,Not Matched,mms.com,
https://minty.com/s/topodesigns.com,Matched,topodesigns.com,https://dealspotr.com/promo-codes/topodesigns.com
https://minty.com/s/ritualzeroproof.com,Matched,ritualzeroproof.com,https://dealspotr.com/promo-codes/ritualzeroproof.com
https://minty.com/s/travelsim.com,Matched,travelsim.com,https://dealspotr.com/promo-codes/travelsim.com
https://minty.com/s/cosori.com,Matched,cosori.com,https://dealspotr.com/promo-codes/cosori.com
https://minty.com/s/farmrio.com,Matched,farmrio.com,https://dealspotr.com/promo-codes/farmrio.com
https://minty.com/s/harveynichols.com,Matched,harveynichols.com,https://dealspotr.com/promo-codes/harveynichols.com
https://minty.com/s/ktropix.com,Matched,ktropix.com,https://dealspotr.com/promo-codes/ktropix.com
https://minty.com/s/dyper.com,Matched,dyper.com,https://dealspotr.com/promo-codes/dyper.com
https://minty.com/s/energybits.com,Matched,energybits.com,https://dealspotr.com/promo-codes/energybits.com
https://minty.com/s/batterytender.com,Matched,batterytender.com,https://dealspotr.com/promo-codes/batterytender.com
https://minty.com/s/ssww.com,Matched,ssww.com,https://dealspotr.com/promo-codes/ssww.com
https://minty.com/s/simplysensitivitychecks.com,Matched,simplysensitivitychecks.com,https://dealspotr.com/promo-codes/simplysensitivitychecks.com
https://minty.com/s/spokeo.com,Matched,spokeo.com,https://dealspotr.com/promo-codes/spokeo.com
https://minty.com/s/blueapron.com,Matched,blueapron.com,https://dealspotr.com/promo-codes/blueapron.com
https://minty.com/s/mikasa.com,Matched,mikasa.com,https://dealspotr.com/promo-codes/mikasa.com
https://minty.com/s/seedsman.com,Not Matched,seedsman.com,
https://minty.com/s/shop.sandisk.com,Not Matched,shop.sandisk.com,
https://minty.com/s/reservationsportal.com,Matched,reservationsportal.com,https://dealspotr.com/promo-codes/reservationsportal.com
https://minty.com/s/carlsgolfland.com,Matched,carlsgolfland.com,https://dealspotr.com/promo-codes/carlsgolfland.com
https://minty.com/s/beachbound.com,Matched,beachbound.com,https://dealspotr.com/promo-codes/beachbound.com
https://minty.com/s/padelmarket.com,Matched,padelmarket.com,https://dealspotr.com/promo-codes/padelmarket.com
https://minty.com/s/swell.com,Matched,swell.com,https://dealspotr.com/promo-codes/swell.com
https://minty.com/s/afloral.com,Matched,afloral.com,https://dealspotr.com/promo-codes/afloral.com
https://minty.com/s/bigbatbox.com,Matched,bigbatbox.com,https://dealspotr.com/promo-codes/bigbatbox.com
https://minty.com/s/us.sabon.com,Matched,us.sabon.com,https://dealspotr.com/promo-codes/us.sabon.com
https://minty.com/s/dangoproducts.com,Matched,dangoproducts.com,https://dealspotr.com/promo-codes/dangoproducts.com
https://minty.com/s/buymymagiccarpet.com,Matched,buymymagiccarpet.com,https://dealspotr.com/promo-codes/buymymagiccarpet.com
https://minty.com/s/macys.com,Matched,macys.com,https://dealspotr.com/promo-codes/macys.com
https://minty.com/s/muckbootcompany.com,Matched,muckbootcompany.com,https://dealspotr.com/promo-codes/muckbootcompany.com
https://minty.com/s/hawaiicoffeecompany.com,Matched,hawaiicoffeecompany.com,https://dealspotr.com/promo-codes/hawaiicoffeecompany.com
https://minty.com/s/shoplc.com,Matched,shoplc.com,https://dealspotr.com/promo-codes/shoplc.com
https://minty.com/s/drfuhrman.com,Matched,drfuhrman.com,https://dealspotr.com/promo-codes/drfuhrman.com
https://minty.com/s/redgorilla.red,Matched,redgorilla.red,https://dealspotr.com/promo-codes/redgorilla.red
https://minty.com/s/taxact.com,Matched,taxact.com,https://dealspotr.com/promo-codes/taxact.com
https://minty.com/s/poplin.co,Matched,poplin.co,https://dealspotr.com/promo-codes/poplin.co
https://minty.com/s/everydropwater.com,Matched,everydropwater.com,https://dealspotr.com/promo-codes/everydropwater.com
https://minty.com/s/xcvi.com,Matched,xcvi.com,https://dealspotr.com/promo-codes/xcvi.com
https://minty.com/s/puracy.com,Matched,puracy.com,https://dealspotr.com/promo-codes/puracy.com
https://minty.com/s/evereve.com,Matched,evereve.com,https://dealspotr.com/promo-codes/evereve.com
https://minty.com/s/corelle.com,Matched,corelle.com,https://dealspotr.com/promo-codes/corelle.com
https://minty.com/s/eustore.tenga.co,Matched,eustore.tenga.co,https://dealspotr.com/promo-codes/eustore.tenga.co
https://minty.com/s/coverfx.com,Matched,coverfx.com,https://dealspotr.com/promo-codes/coverfx.com
https://minty.com/s/nesn.com,Matched,nesn.com,https://dealspotr.com/promo-codes/nesn.com
https://minty.com/s/lg.com,Not Matched,lg.com,
https://minty.com/s/disneyplus.com,Matched,disneyplus.com,https://dealspotr.com/promo-codes/disneyplus.com
https://minty.com/s/monfrerefashion.com,Matched,monfrerefashion.com,https://dealspotr.com/promo-codes/monfrerefashion.com
https://minty.com/s/celestyal.com,Not Matched,celestyal.com,
https://minty.com/s/firstleaf.com,Not Matched,firstleaf.com,
https://minty.com/s/stasherbag.com,Matched,stasherbag.com,https://dealspotr.com/promo-codes/stasherbag.com
https://minty.com/s/digilent.com,Matched,digilent.com,https://dealspotr.com/promo-codes/digilent.com
https://minty.com/s/peets.com,Matched,peets.com,https://dealspotr.com/promo-codes/peets.com
https://minty.com/s/blankabrand.com,Matched,blankabrand.com,https://dealspotr.com/promo-codes/blankabrand.com
https://minty.com/s/marieoliver.com,Matched,marieoliver.com,https://dealspotr.com/promo-codes/marieoliver.com
https://minty.com/s/fofana.co,Matched,fofana.co,https://dealspotr.com/promo-codes/fofana.co
https://minty.com/s/tovfurniture.com,Matched,tovfurniture.com,https://dealspotr.com/promo-codes/tovfurniture.com
https://minty.com/s/bond-touch.com,Matched,bond-touch.com,https://dealspotr.com/promo-codes/bond-touch.com
https://minty.com/s/arctic-warriors.com,Matched,arctic-warriors.com,https://dealspotr.com/promo-codes/arctic-warriors.com
https://minty.com/s/demdaco.com,Matched,demdaco.com,https://dealspotr.com/promo-codes/demdaco.com
https://minty.com/s/carmensol.com,Matched,carmensol.com,https://dealspotr.com/promo-codes/carmensol.com
https://minty.com/s/wearewild.com,Matched,wearewild.com,https://dealspotr.com/promo-codes/wearewild.com
https://minty.com/s/spode.com,Matched,spode.com,https://dealspotr.com/promo-codes/spode.com
https://minty.com/s/wineracksamerica.com,Matched,wineracksamerica.com,https://dealspotr.com/promo-codes/wineracksamerica.com
https://minty.com/s/eastwood.com,Matched,eastwood.com,https://dealspotr.com/promo-codes/eastwood.com
https://minty.com/s/oliviaandpearl.com,Matched,oliviaandpearl.com,https://dealspotr.com/promo-codes/oliviaandpearl.com
